﻿name,"sptinc_p0p50_z_AF
Pre-tax national income 
Bottom 50% | share | adults | equal split
",p0p50,2019,bot50per
Afghanistan,"sptinc_p0p50_z_AF
Pre-tax national income 
Bottom 50% | share | adults | equal split
",p0p50,2019,0.1776
Africa,"sptinc_p0p50_z_QB
Pre-tax national income 
Bottom 50% | share | adults | equal split
",p0p50,2019,0.0859
Africa (at market exchange rate),"sptinc_p0p50_z_QB-MER
Pre-tax national income 
Bottom 50% | share | adults | equal split
",p0p50,2019,0.0883
Albania,"sptinc_p0p50_z_AL
Pre-tax national income 
Bottom 50% | share | adults | equal split
",p0p50,2019,0.1886
Algeria,"sptinc_p0p50_z_DZ
Pre-tax national income 
Bottom 50% | share | adults | equal split
",p0p50,2019,0.1902
Angola,"sptinc_p0p50_z_AO
Pre-tax national income 
Bottom 50% | share | adults | equal split
",p0p50,2019,0.0904
Argentina,"sptinc_p0p50_z_AR
Pre-tax national income 
Bottom 50% | share | adults | equal split
",p0p50,2019,0.1623
Armenia,"sptinc_p0p50_z_AM
Pre-tax national income 
Bottom 50% | share | adults | equal split
",p0p50,2019,0.1854
Asia,"sptinc_p0p50_z_QD
Pre-tax national income 
Bottom 50% | share | adults | equal split
",p0p50,2019,0.1013
Asia (at market exchange rate),"sptinc_p0p50_z_QD-MER
Pre-tax national income 
Bottom 50% | share | adults | equal split
",p0p50,2019,0.0677
Asia (excl. Middle East),"sptinc_p0p50_z_XA
Pre-tax national income 
Bottom 50% | share | adults | equal split
",p0p50,2019,0.1055
Asia (excl. Middle East) (at market exchange rate),"sptinc_p0p50_z_XA-MER
Pre-tax national income 
Bottom 50% | share | adults | equal split
",p0p50,2019,0.0671
Australia,"sptinc_p0p50_z_AU
Pre-tax national income 
Bottom 50% | share | adults | equal split
",p0p50,2019,0.1616
Austria,"sptinc_p0p50_z_AT
Pre-tax national income 
Bottom 50% | share | adults | equal split
",p0p50,2019,0.2202
Azerbaijan,"sptinc_p0p50_z_AZ
Pre-tax national income 
Bottom 50% | share | adults | equal split
",p0p50,2019,0.2029
The Bahamas,"sptinc_p0p50_z_BS
Pre-tax national income 
Bottom 50% | share | adults | equal split
",p0p50,2019,0.1262
Bahrain,"sptinc_p0p50_z_BH
Pre-tax national income 
Bottom 50% | share | adults | equal split
",p0p50,2019,0.1014
Bangladesh,"sptinc_p0p50_z_BD
Pre-tax national income 
Bottom 50% | share | adults | equal split
",p0p50,2019,0.1706
Belarus,"sptinc_p0p50_z_BY
Pre-tax national income 
Bottom 50% | share | adults | equal split
",p0p50,2019,0.2251
Belgium,"sptinc_p0p50_z_BE
Pre-tax national income 
Bottom 50% | share | adults | equal split
",p0p50,2019,0.204
Belize,"sptinc_p0p50_z_BZ
Pre-tax national income 
Bottom 50% | share | adults | equal split
",p0p50,2019,0.1262
Benin,"sptinc_p0p50_z_BJ
Pre-tax national income 
Bottom 50% | share | adults | equal split
",p0p50,2019,0.1142
Bhutan,"sptinc_p0p50_z_BT
Pre-tax national income 
Bottom 50% | share | adults | equal split
",p0p50,2019,0.1501
Bolivia,"sptinc_p0p50_z_BO
Pre-tax national income 
Bottom 50% | share | adults | equal split
",p0p50,2019,0.1262
Bosnia and Herzegovina,"sptinc_p0p50_z_BA
Pre-tax national income 
Bottom 50% | share | adults | equal split
",p0p50,2019,0.1823
Botswana,"sptinc_p0p50_z_BW
Pre-tax national income 
Bottom 50% | share | adults | equal split
",p0p50,2019,0.0812
Brazil,"sptinc_p0p50_z_BR
Pre-tax national income 
Bottom 50% | share | adults | equal split
",p0p50,2019,0.1007
Brunei Darussalam,"sptinc_p0p50_z_BN
Pre-tax national income 
Bottom 50% | share | adults | equal split
",p0p50,2019,0.1922
Bulgaria,"sptinc_p0p50_z_BG
Pre-tax national income 
Bottom 50% | share | adults | equal split
",p0p50,2019,0.165
Burkina Faso,"sptinc_p0p50_z_BF
Pre-tax national income 
Bottom 50% | share | adults | equal split
",p0p50,2019,0.1504
Burundi,"sptinc_p0p50_z_BI
Pre-tax national income 
Bottom 50% | share | adults | equal split
",p0p50,2019,0.1402
Cabo Verde,"sptinc_p0p50_z_CV
Pre-tax national income 
Bottom 50% | share | adults | equal split
",p0p50,2019,0.1238
Cambodia,"sptinc_p0p50_z_KH
Pre-tax national income 
Bottom 50% | share | adults | equal split
",p0p50,2019,0.1386
Cameroon,"sptinc_p0p50_z_CM
Pre-tax national income 
Bottom 50% | share | adults | equal split
",p0p50,2019,0.1063
Canada,"sptinc_p0p50_z_CA
Pre-tax national income 
Bottom 50% | share | adults | equal split
",p0p50,2019,0.1558
Central African Republic,"sptinc_p0p50_z_CF
Pre-tax national income 
Bottom 50% | share | adults | equal split
",p0p50,2019,0.0763
Central Asia,"sptinc_p0p50_z_QJ
Pre-tax national income 
Bottom 50% | share | adults | equal split
",p0p50,2019,0.1054
Central Asia (at market exchange rate),"sptinc_p0p50_z_QJ-MER
Pre-tax national income 
Bottom 50% | share | adults | equal split
",p0p50,2019,0.0762
Chad,"sptinc_p0p50_z_TD
Pre-tax national income 
Bottom 50% | share | adults | equal split
",p0p50,2019,0.123
Chile,"sptinc_p0p50_z_CL
Pre-tax national income 
Bottom 50% | share | adults | equal split
",p0p50,2019,0.1018
China,"sptinc_p0p50_z_CN
Pre-tax national income 
Bottom 50% | share | adults | equal split
",p0p50,2019,0.1436
Colombia,"sptinc_p0p50_z_CO
Pre-tax national income 
Bottom 50% | share | adults | equal split
",p0p50,2019,0.1063
Comoros,"sptinc_p0p50_z_KM
Pre-tax national income 
Bottom 50% | share | adults | equal split
",p0p50,2019,0.1139
Republic of the Congo,"sptinc_p0p50_z_CG
Pre-tax national income 
Bottom 50% | share | adults | equal split
",p0p50,2019,0.0992
Costa Rica,"sptinc_p0p50_z_CR
Pre-tax national income 
Bottom 50% | share | adults | equal split
",p0p50,2019,0.1072
Cote d’Ivoire,"sptinc_p0p50_z_CI
Pre-tax national income 
Bottom 50% | share | adults | equal split
",p0p50,2019,0.128
Croatia,"sptinc_p0p50_z_HR
Pre-tax national income 
Bottom 50% | share | adults | equal split
",p0p50,2019,0.1843
Cuba,"sptinc_p0p50_z_CU
Pre-tax national income 
Bottom 50% | share | adults | equal split
",p0p50,2019,0.1689
Cyprus,"sptinc_p0p50_z_CY
Pre-tax national income 
Bottom 50% | share | adults | equal split
",p0p50,2019,0.1915
Czech Republic,"sptinc_p0p50_z_CZ
Pre-tax national income 
Bottom 50% | share | adults | equal split
",p0p50,2019,0.255
Democratic Republic of the Congo,"sptinc_p0p50_z_CD
Pre-tax national income 
Bottom 50% | share | adults | equal split
",p0p50,2019,0.1264
Denmark,"sptinc_p0p50_z_DK
Pre-tax national income 
Bottom 50% | share | adults | equal split
",p0p50,2019,0.2146
Djibouti,"sptinc_p0p50_z_DJ
Pre-tax national income 
Bottom 50% | share | adults | equal split
",p0p50,2019,0.1309
Dominican Republic,"sptinc_p0p50_z_DO
Pre-tax national income 
Bottom 50% | share | adults | equal split
",p0p50,2019,0.1262
Eastern Africa,"sptinc_p0p50_z_QK
Pre-tax national income 
Bottom 50% | share | adults | equal split
",p0p50,2019,0.1054
Eastern Africa (at market exchange rate),"sptinc_p0p50_z_QK-MER
Pre-tax national income 
Bottom 50% | share | adults | equal split
",p0p50,2019,0.0936
Eastern Asia,"sptinc_p0p50_z_QL
Pre-tax national income 
Bottom 50% | share | adults | equal split
",p0p50,2019,0.1328
Eastern Asia (at market exchange rate),"sptinc_p0p50_z_QL-MER
Pre-tax national income 
Bottom 50% | share | adults | equal split
",p0p50,2019,0.1206
Eastern Europe,"sptinc_p0p50_z_QM
Pre-tax national income 
Bottom 50% | share | adults | equal split
",p0p50,2019,0.1755
Eastern Europe (at market exchange rate),"sptinc_p0p50_z_QM-MER
Pre-tax national income 
Bottom 50% | share | adults | equal split
",p0p50,2019,0.1622
Ecuador,"sptinc_p0p50_z_EC
Pre-tax national income 
Bottom 50% | share | adults | equal split
",p0p50,2019,0.1614
Egypt,"sptinc_p0p50_z_EG
Pre-tax national income 
Bottom 50% | share | adults | equal split
",p0p50,2019,0.1478
El Salvador,"sptinc_p0p50_z_SV
Pre-tax national income 
Bottom 50% | share | adults | equal split
",p0p50,2019,0.1168
Equatorial Guinea,"sptinc_p0p50_z_GQ
Pre-tax national income 
Bottom 50% | share | adults | equal split
",p0p50,2019,0.1145
Eritrea,"sptinc_p0p50_z_ER
Pre-tax national income 
Bottom 50% | share | adults | equal split
",p0p50,2019,0.1584
Estonia,"sptinc_p0p50_z_EE
Pre-tax national income 
Bottom 50% | share | adults | equal split
",p0p50,2019,0.1827
Ethiopia,"sptinc_p0p50_z_ET
Pre-tax national income 
Bottom 50% | share | adults | equal split
",p0p50,2019,0.1584
Europe,"sptinc_p0p50_z_QE
Pre-tax national income 
Bottom 50% | share | adults | equal split
",p0p50,2019,0.1893
Europe (at market exchange rate),"sptinc_p0p50_z_QE-MER
Pre-tax national income 
Bottom 50% | share | adults | equal split
",p0p50,2019,0.1608
European Union,"sptinc_p0p50_z_QY
Pre-tax national income 
Bottom 50% | share | adults | equal split
",p0p50,2019,0.1952
European Union (at market exchange rate),"sptinc_p0p50_z_QY-MER
Pre-tax national income 
Bottom 50% | share | adults | equal split
",p0p50,2019,0.1716
Finland,"sptinc_p0p50_z_FI
Pre-tax national income 
Bottom 50% | share | adults | equal split
",p0p50,2019,0.2171
France,"sptinc_p0p50_z_FR
Pre-tax national income 
Bottom 50% | share | adults | equal split
",p0p50,2019,0.2271
Gabon,"sptinc_p0p50_z_GA
Pre-tax national income 
Bottom 50% | share | adults | equal split
",p0p50,2019,0.1442
Gambia,"sptinc_p0p50_z_GM
Pre-tax national income 
Bottom 50% | share | adults | equal split
",p0p50,2019,0.1502
Georgia,"sptinc_p0p50_z_GE
Pre-tax national income 
Bottom 50% | share | adults | equal split
",p0p50,2019,0.139
Germany,"sptinc_p0p50_z_DE
Pre-tax national income 
Bottom 50% | share | adults | equal split
",p0p50,2019,0.1892
Ghana,"sptinc_p0p50_z_GH
Pre-tax national income 
Bottom 50% | share | adults | equal split
",p0p50,2019,0.1221
Greece,"sptinc_p0p50_z_GR
Pre-tax national income 
Bottom 50% | share | adults | equal split
",p0p50,2019,0.2104
Guatemala,"sptinc_p0p50_z_GT
Pre-tax national income 
Bottom 50% | share | adults | equal split
",p0p50,2019,0.1262
Guinea,"sptinc_p0p50_z_GN
Pre-tax national income 
Bottom 50% | share | adults | equal split
",p0p50,2019,0.1619
Guinea-Bissau,"sptinc_p0p50_z_GW
Pre-tax national income 
Bottom 50% | share | adults | equal split
",p0p50,2019,0.0959
Guyana,"sptinc_p0p50_z_GY
Pre-tax national income 
Bottom 50% | share | adults | equal split
",p0p50,2019,0.1262
Haiti,"sptinc_p0p50_z_HT
Pre-tax national income 
Bottom 50% | share | adults | equal split
",p0p50,2019,0.1262
Honduras,"sptinc_p0p50_z_HN
Pre-tax national income 
Bottom 50% | share | adults | equal split
",p0p50,2019,0.1262
Hong Kong,"sptinc_p0p50_z_HK
Pre-tax national income 
Bottom 50% | share | adults | equal split
",p0p50,2019,0.1359
Hungary,"sptinc_p0p50_z_HU
Pre-tax national income 
Bottom 50% | share | adults | equal split
",p0p50,2019,0.2197
Iceland,"sptinc_p0p50_z_IS
Pre-tax national income 
Bottom 50% | share | adults | equal split
",p0p50,2019,0.2498
India,"sptinc_p0p50_z_IN
Pre-tax national income 
Bottom 50% | share | adults | equal split
",p0p50,2019,0.1313
Indonesia,"sptinc_p0p50_z_ID
Pre-tax national income 
Bottom 50% | share | adults | equal split
",p0p50,2019,0.1239
Iran,"sptinc_p0p50_z_IR
Pre-tax national income 
Bottom 50% | share | adults | equal split
",p0p50,2019,0.1328
Iraq,"sptinc_p0p50_z_IQ
Pre-tax national income 
Bottom 50% | share | adults | equal split
",p0p50,2019,0.1277
Ireland,"sptinc_p0p50_z_IE
Pre-tax national income 
Bottom 50% | share | adults | equal split
",p0p50,2019,0.2046
Israel,"sptinc_p0p50_z_IL
Pre-tax national income 
Bottom 50% | share | adults | equal split
",p0p50,2019,0.1311
Italy,"sptinc_p0p50_z_IT
Pre-tax national income 
Bottom 50% | share | adults | equal split
",p0p50,2019,0.2055
Jamaica,"sptinc_p0p50_z_JM
Pre-tax national income 
Bottom 50% | share | adults | equal split
",p0p50,2019,0.1262
Japan,"sptinc_p0p50_z_JP
Pre-tax national income 
Bottom 50% | share | adults | equal split
",p0p50,2019,0.1678
Jordan,"sptinc_p0p50_z_JO
Pre-tax national income 
Bottom 50% | share | adults | equal split
",p0p50,2019,0.1425
Kazakhstan,"sptinc_p0p50_z_KZ
Pre-tax national income 
Bottom 50% | share | adults | equal split
",p0p50,2019,0.1636
Kenya,"sptinc_p0p50_z_KE
Pre-tax national income 
Bottom 50% | share | adults | equal split
",p0p50,2019,0.1301
South Korea,"sptinc_p0p50_z_KR
Pre-tax national income 
Bottom 50% | share | adults | equal split
",p0p50,2019,0.1604
Kosovo,"sptinc_p0p50_z_KS
Pre-tax national income 
Bottom 50% | share | adults | equal split
",p0p50,2019,0.1835
Kuwait,"sptinc_p0p50_z_KW
Pre-tax national income 
Bottom 50% | share | adults | equal split
",p0p50,2019,0.1171
Kyrgyzstan,"sptinc_p0p50_z_KG
Pre-tax national income 
Bottom 50% | share | adults | equal split
",p0p50,2019,0.1682
Lao PDR,"sptinc_p0p50_z_LA
Pre-tax national income 
Bottom 50% | share | adults | equal split
",p0p50,2019,0.1284
Latin America,"sptinc_p0p50_z_XL
Pre-tax national income 
Bottom 50% | share | adults | equal split
",p0p50,2019,0.1018
Latin America (at market exchange rate),"sptinc_p0p50_z_XL-MER
Pre-tax national income 
Bottom 50% | share | adults | equal split
",p0p50,2019,0.0623
Latvia,"sptinc_p0p50_z_LV
Pre-tax national income 
Bottom 50% | share | adults | equal split
",p0p50,2019,0.1796
Lebanon,"sptinc_p0p50_z_LB
Pre-tax national income 
Bottom 50% | share | adults | equal split
",p0p50,2019,0.1038
Lesotho,"sptinc_p0p50_z_LS
Pre-tax national income 
Bottom 50% | share | adults | equal split
",p0p50,2019,0.1128
Liberia,"sptinc_p0p50_z_LR
Pre-tax national income 
Bottom 50% | share | adults | equal split
",p0p50,2019,0.1543
Libya,"sptinc_p0p50_z_LY
Pre-tax national income 
Bottom 50% | share | adults | equal split
",p0p50,2019,0.1633
Lithuania,"sptinc_p0p50_z_LT
Pre-tax national income 
Bottom 50% | share | adults | equal split
",p0p50,2019,0.1807
Luxembourg,"sptinc_p0p50_z_LU
Pre-tax national income 
Bottom 50% | share | adults | equal split
",p0p50,2019,0.2019
Macao,"sptinc_p0p50_z_MO
Pre-tax national income 
Bottom 50% | share | adults | equal split
",p0p50,2019,0.1436
Madagascar,"sptinc_p0p50_z_MG
Pre-tax national income 
Bottom 50% | share | adults | equal split
",p0p50,2019,0.1248
Malawi,"sptinc_p0p50_z_MW
Pre-tax national income 
Bottom 50% | share | adults | equal split
",p0p50,2019,0.1179
Malaysia,"sptinc_p0p50_z_MY
Pre-tax national income 
Bottom 50% | share | adults | equal split
",p0p50,2019,0.173
Maldives,"sptinc_p0p50_z_MV
Pre-tax national income 
Bottom 50% | share | adults | equal split
",p0p50,2019,0.1806
Mali,"sptinc_p0p50_z_ML
Pre-tax national income 
Bottom 50% | share | adults | equal split
",p0p50,2019,0.1634
Malta,"sptinc_p0p50_z_MT
Pre-tax national income 
Bottom 50% | share | adults | equal split
",p0p50,2019,0.2042
Mauritania,"sptinc_p0p50_z_MR
Pre-tax national income 
Bottom 50% | share | adults | equal split
",p0p50,2019,0.1678
Mauritius,"sptinc_p0p50_z_MU
Pre-tax national income 
Bottom 50% | share | adults | equal split
",p0p50,2019,0.1481
Mexico,"sptinc_p0p50_z_MX
Pre-tax national income 
Bottom 50% | share | adults | equal split
",p0p50,2019,0.0917
Middle Africa,"sptinc_p0p50_z_QN
Pre-tax national income 
Bottom 50% | share | adults | equal split
",p0p50,2019,0.0718
Middle Africa (at market exchange rate),"sptinc_p0p50_z_QN-MER
Pre-tax national income 
Bottom 50% | share | adults | equal split
",p0p50,2019,0.0834
Middle East,"sptinc_p0p50_z_XM
Pre-tax national income 
Bottom 50% | share | adults | equal split
",p0p50,2019,0.0865
Middle East (at market exchange rate),"sptinc_p0p50_z_XM-MER
Pre-tax national income 
Bottom 50% | share | adults | equal split
",p0p50,2019,0.0847
Middle East and Northern Africa,"sptinc_p0p50_z_XN
Pre-tax national income 
Bottom 50% | share | adults | equal split
",p0p50,2019,0.0904
Middle East and Northern Africa (at market exchange rate),"sptinc_p0p50_z_XN-MER
Pre-tax national income 
Bottom 50% | share | adults | equal split
",p0p50,2019,0.0797
Moldova,"sptinc_p0p50_z_MD
Pre-tax national income 
Bottom 50% | share | adults | equal split
",p0p50,2019,0.1817
Mongolia,"sptinc_p0p50_z_MN
Pre-tax national income 
Bottom 50% | share | adults | equal split
",p0p50,2019,0.1488
Montenegro,"sptinc_p0p50_z_ME
Pre-tax national income 
Bottom 50% | share | adults | equal split
",p0p50,2019,0.1644
Morocco,"sptinc_p0p50_z_MA
Pre-tax national income 
Bottom 50% | share | adults | equal split
",p0p50,2019,0.1356
Mozambique,"sptinc_p0p50_z_MZ
Pre-tax national income 
Bottom 50% | share | adults | equal split
",p0p50,2019,0.083
Myanmar,"sptinc_p0p50_z_MM
Pre-tax national income 
Bottom 50% | share | adults | equal split
",p0p50,2019,0.1593
Namibia,"sptinc_p0p50_z_NA
Pre-tax national income 
Bottom 50% | share | adults | equal split
",p0p50,2019,0.0655
Nepal,"sptinc_p0p50_z_NP
Pre-tax national income 
Bottom 50% | share | adults | equal split
",p0p50,2019,0.1667
Netherlands,"sptinc_p0p50_z_NL
Pre-tax national income 
Bottom 50% | share | adults | equal split
",p0p50,2019,0.2251
New Zealand,"sptinc_p0p50_z_NZ
Pre-tax national income 
Bottom 50% | share | adults | equal split
",p0p50,2019,0.1957
Nicaragua,"sptinc_p0p50_z_NI
Pre-tax national income 
Bottom 50% | share | adults | equal split
",p0p50,2019,0.1262
Niger,"sptinc_p0p50_z_NE
Pre-tax national income 
Bottom 50% | share | adults | equal split
",p0p50,2019,0.1572
Nigeria,"sptinc_p0p50_z_NG
Pre-tax national income 
Bottom 50% | share | adults | equal split
",p0p50,2019,0.155
North Korea,"sptinc_p0p50_z_KP
Pre-tax national income 
Bottom 50% | share | adults | equal split
",p0p50,2019,0.1512
North Macedonia,"sptinc_p0p50_z_MK
Pre-tax national income 
Bottom 50% | share | adults | equal split
",p0p50,2019,0.2089
Northern Africa,"sptinc_p0p50_z_QO
Pre-tax national income 
Bottom 50% | share | adults | equal split
",p0p50,2019,0.1322
Northern Africa (at market exchange rate),"sptinc_p0p50_z_QO-MER
Pre-tax national income 
Bottom 50% | share | adults | equal split
",p0p50,2019,0.1289
Northern America,"sptinc_p0p50_z_QP
Pre-tax national income 
Bottom 50% | share | adults | equal split
",p0p50,2019,0.1336
Northern America (at market exchange rate),"sptinc_p0p50_z_QP-MER
Pre-tax national income 
Bottom 50% | share | adults | equal split
",p0p50,2019,0.1324
Northern America and Oceania,"sptinc_p0p50_z_XB
Pre-tax national income 
Bottom 50% | share | adults | equal split
",p0p50,2019,0.1346
Northern America and Oceania (at market exchange rate),"sptinc_p0p50_z_XB-MER
Pre-tax national income 
Bottom 50% | share | adults | equal split
",p0p50,2019,0.1342
Norway,"sptinc_p0p50_z_NO
Pre-tax national income 
Bottom 50% | share | adults | equal split
",p0p50,2019,0.2462
Oceania,"sptinc_p0p50_z_QF
Pre-tax national income 
Bottom 50% | share | adults | equal split
",p0p50,2019,0.1223
Oceania (at market exchange rate),"sptinc_p0p50_z_QF-MER
Pre-tax national income 
Bottom 50% | share | adults | equal split
",p0p50,2019,0.1143
Oman,"sptinc_p0p50_z_OM
Pre-tax national income 
Bottom 50% | share | adults | equal split
",p0p50,2019,0.0296
Other Eastern Asia,"sptinc_p0p50_z_OB
Pre-tax national income 
Bottom 50% | share | adults | equal split
",p0p50,2019,0.0818
Other Eastern Asia (at market exchange rate),"sptinc_p0p50_z_OB-MER
Pre-tax national income 
Bottom 50% | share | adults | equal split
",p0p50,2019,0.0853
Other Latin America,"sptinc_p0p50_z_OD
Pre-tax national income 
Bottom 50% | share | adults | equal split
",p0p50,2019,0.1135
Other Latin America (at market exchange rate),"sptinc_p0p50_z_OD-MER
Pre-tax national income 
Bottom 50% | share | adults | equal split
",p0p50,2019,0.0442
Other Middle East and Northern Africa,"sptinc_p0p50_z_OE
Pre-tax national income 
Bottom 50% | share | adults | equal split
",p0p50,2019,0.0688
Other Middle East and Northern Africa (at market exchange rate),"sptinc_p0p50_z_OE-MER
Pre-tax national income 
Bottom 50% | share | adults | equal split
",p0p50,2019,0.0673
Other Russia and Central Asia,"sptinc_p0p50_z_OA
Pre-tax national income 
Bottom 50% | share | adults | equal split
",p0p50,2019,0.1558
Other Russia and Central Asia (at market exchange rate),"sptinc_p0p50_z_OA-MER
Pre-tax national income 
Bottom 50% | share | adults | equal split
",p0p50,2019,0.1339
Other South South-Eastern Asia,"sptinc_p0p50_z_OI
Pre-tax national income 
Bottom 50% | share | adults | equal split
",p0p50,2019,0.1202
Other South South-Eastern Asia (at market exchange rate),"sptinc_p0p50_z_OI-MER
Pre-tax national income 
Bottom 50% | share | adults | equal split
",p0p50,2019,0.0996
Other Sub-Saharan Africa,"sptinc_p0p50_z_OJ
Pre-tax national income 
Bottom 50% | share | adults | equal split
",p0p50,2019,0.0963
Other Sub-Saharan Africa (at market exchange rate),"sptinc_p0p50_z_OJ-MER
Pre-tax national income 
Bottom 50% | share | adults | equal split
",p0p50,2019,0.0925
Other Western Europe,"sptinc_p0p50_z_OC
Pre-tax national income 
Bottom 50% | share | adults | equal split
",p0p50,2019,0.1954
Other Western Europe (at market exchange rate),"sptinc_p0p50_z_OC-MER
Pre-tax national income 
Bottom 50% | share | adults | equal split
",p0p50,2019,0.1688
Pakistan,"sptinc_p0p50_z_PK
Pre-tax national income 
Bottom 50% | share | adults | equal split
",p0p50,2019,0.1727
Palestine,"sptinc_p0p50_z_PS
Pre-tax national income 
Bottom 50% | share | adults | equal split
",p0p50,2019,0.1216
Panama,"sptinc_p0p50_z_PA
Pre-tax national income 
Bottom 50% | share | adults | equal split
",p0p50,2019,0.1262
Papua New Guinea,"sptinc_p0p50_z_PG
Pre-tax national income 
Bottom 50% | share | adults | equal split
",p0p50,2019,0.1285
Paraguay,"sptinc_p0p50_z_PY
Pre-tax national income 
Bottom 50% | share | adults | equal split
",p0p50,2019,0.1262
Peru,"sptinc_p0p50_z_PE
Pre-tax national income 
Bottom 50% | share | adults | equal split
",p0p50,2019,0.1122
Philippines,"sptinc_p0p50_z_PH
Pre-tax national income 
Bottom 50% | share | adults | equal split
",p0p50,2019,0.1432
Poland,"sptinc_p0p50_z_PL
Pre-tax national income 
Bottom 50% | share | adults | equal split
",p0p50,2019,0.1952
Portugal,"sptinc_p0p50_z_PT
Pre-tax national income 
Bottom 50% | share | adults | equal split
",p0p50,2019,0.1955
Qatar,"sptinc_p0p50_z_QA
Pre-tax national income 
Bottom 50% | share | adults | equal split
",p0p50,2019,0.0931
Romania,"sptinc_p0p50_z_RO
Pre-tax national income 
Bottom 50% | share | adults | equal split
",p0p50,2019,0.1514
Russia and Central Asia,"sptinc_p0p50_z_XR
Pre-tax national income 
Bottom 50% | share | adults | equal split
",p0p50,2019,0.1482
Russia and Central Asia (at market exchange rate),"sptinc_p0p50_z_XR-MER
Pre-tax national income 
Bottom 50% | share | adults | equal split
",p0p50,2019,0.1303
Russia,"sptinc_p0p50_z_RU
Pre-tax national income 
Bottom 50% | share | adults | equal split
",p0p50,2019,0.1698
Rwanda,"sptinc_p0p50_z_RW
Pre-tax national income 
Bottom 50% | share | adults | equal split
",p0p50,2019,0.1184
Sao Tome and Principe,"sptinc_p0p50_z_ST
Pre-tax national income 
Bottom 50% | share | adults | equal split
",p0p50,2019,0.175
Saudi Arabia,"sptinc_p0p50_z_SA
Pre-tax national income 
Bottom 50% | share | adults | equal split
",p0p50,2019,0.1098
Senegal,"sptinc_p0p50_z_SN
Pre-tax national income 
Bottom 50% | share | adults | equal split
",p0p50,2019,0.1338
Serbia,"sptinc_p0p50_z_RS
Pre-tax national income 
Bottom 50% | share | adults | equal split
",p0p50,2019,0.1775
Seychelles,"sptinc_p0p50_z_SC
Pre-tax national income 
Bottom 50% | share | adults | equal split
",p0p50,2019,0.1213
Sierra Leone,"sptinc_p0p50_z_SL
Pre-tax national income 
Bottom 50% | share | adults | equal split
",p0p50,2019,0.1499
Singapore,"sptinc_p0p50_z_SG
Pre-tax national income 
Bottom 50% | share | adults | equal split
",p0p50,2019,0.1665
Slovakia,"sptinc_p0p50_z_SK
Pre-tax national income 
Bottom 50% | share | adults | equal split
",p0p50,2019,0.2442
Slovenia,"sptinc_p0p50_z_SI
Pre-tax national income 
Bottom 50% | share | adults | equal split
",p0p50,2019,0.2308
Somalia,"sptinc_p0p50_z_SO
Pre-tax national income 
Bottom 50% | share | adults | equal split
",p0p50,2019,0.1494
South Africa,"sptinc_p0p50_z_ZA
Pre-tax national income 
Bottom 50% | share | adults | equal split
",p0p50,2019,0.058
South South-Eastern Asia,"sptinc_p0p50_z_XS
Pre-tax national income 
Bottom 50% | share | adults | equal split
",p0p50,2019,0.1234
South South-Eastern Asia (at market exchange rate),"sptinc_p0p50_z_XS-MER
Pre-tax national income 
Bottom 50% | share | adults | equal split
",p0p50,2019,0.1128
South Sudan,"sptinc_p0p50_z_SS
Pre-tax national income 
Bottom 50% | share | adults | equal split
",p0p50,2019,0.1191
South-Eastern Asia,"sptinc_p0p50_z_QS
Pre-tax national income 
Bottom 50% | share | adults | equal split
",p0p50,2019,0.1163
South-Eastern Asia (at market exchange rate),"sptinc_p0p50_z_QS-MER
Pre-tax national income 
Bottom 50% | share | adults | equal split
",p0p50,2019,0.1049
Southern Africa,"sptinc_p0p50_z_QT
Pre-tax national income 
Bottom 50% | share | adults | equal split
",p0p50,2019,0.0587
Southern Africa (at market exchange rate),"sptinc_p0p50_z_QT-MER
Pre-tax national income 
Bottom 50% | share | adults | equal split
",p0p50,2019,0.0588
Southern Asia,"sptinc_p0p50_z_QU
Pre-tax national income 
Bottom 50% | share | adults | equal split
",p0p50,2019,0.1329
Southern Asia (at market exchange rate),"sptinc_p0p50_z_QU-MER
Pre-tax national income 
Bottom 50% | share | adults | equal split
",p0p50,2019,0.1128
Spain,"sptinc_p0p50_z_ES
Pre-tax national income 
Bottom 50% | share | adults | equal split
",p0p50,2019,0.2099
Sri Lanka,"sptinc_p0p50_z_LK
Pre-tax national income 
Bottom 50% | share | adults | equal split
",p0p50,2019,0.1411
Sub-Saharan Africa,"sptinc_p0p50_z_XF
Pre-tax national income 
Bottom 50% | share | adults | equal split
",p0p50,2019,0.0887
Sub-Saharan Africa (at market exchange rate),"sptinc_p0p50_z_XF-MER
Pre-tax national income 
Bottom 50% | share | adults | equal split
",p0p50,2019,0.084
Sudan,"sptinc_p0p50_z_SD
Pre-tax national income 
Bottom 50% | share | adults | equal split
",p0p50,2019,0.1577
Suriname,"sptinc_p0p50_z_SR
Pre-tax national income 
Bottom 50% | share | adults | equal split
",p0p50,2019,0.1262
Swaziland,"sptinc_p0p50_z_SZ
Pre-tax national income 
Bottom 50% | share | adults | equal split
",p0p50,2019,0.0786
Sweden,"sptinc_p0p50_z_SE
Pre-tax national income 
Bottom 50% | share | adults | equal split
",p0p50,2019,0.2426
Switzerland,"sptinc_p0p50_z_CH
Pre-tax national income 
Bottom 50% | share | adults | equal split
",p0p50,2019,0.226
Syria,"sptinc_p0p50_z_SY
Pre-tax national income 
Bottom 50% | share | adults | equal split
",p0p50,2019,0.1046
Taiwan,"sptinc_p0p50_z_TW
Pre-tax national income 
Bottom 50% | share | adults | equal split
",p0p50,2019,0.2138
Tajikistan,"sptinc_p0p50_z_TJ
Pre-tax national income 
Bottom 50% | share | adults | equal split
",p0p50,2019,0.1543
United Republic of Tanzania,"sptinc_p0p50_z_TZ
Pre-tax national income 
Bottom 50% | share | adults | equal split
",p0p50,2019,0.1295
Thailand,"sptinc_p0p50_z_TH
Pre-tax national income 
Bottom 50% | share | adults | equal split
",p0p50,2019,0.1389
East Timor,"sptinc_p0p50_z_TL
Pre-tax national income 
Bottom 50% | share | adults | equal split
",p0p50,2019,0.1675
Togo,"sptinc_p0p50_z_TG
Pre-tax national income 
Bottom 50% | share | adults | equal split
",p0p50,2019,0.1222
Trinidad and Tobago,"sptinc_p0p50_z_TT
Pre-tax national income 
Bottom 50% | share | adults | equal split
",p0p50,2019,0.1262
Tunisia,"sptinc_p0p50_z_TN
Pre-tax national income 
Bottom 50% | share | adults | equal split
",p0p50,2019,0.1661
Turkey,"sptinc_p0p50_z_TR
Pre-tax national income 
Bottom 50% | share | adults | equal split
",p0p50,2019,0.1195
Turkmenistan,"sptinc_p0p50_z_TM
Pre-tax national income 
Bottom 50% | share | adults | equal split
",p0p50,2019,0.1201
United States of America,"sptinc_p0p50_z_US
Pre-tax national income 
Bottom 50% | share | adults | equal split
",p0p50,2019,0.1331
Uganda,"sptinc_p0p50_z_UG
Pre-tax national income 
Bottom 50% | share | adults | equal split
",p0p50,2019,0.1213
Ukraine,"sptinc_p0p50_z_UA
Pre-tax national income 
Bottom 50% | share | adults | equal split
",p0p50,2019,0.2257
United Arab Emirates,"sptinc_p0p50_z_AE
Pre-tax national income 
Bottom 50% | share | adults | equal split
",p0p50,2019,0.1274
United Kingdom,"sptinc_p0p50_z_GB
Pre-tax national income 
Bottom 50% | share | adults | equal split
",p0p50,2019,0.2036
Uruguay,"sptinc_p0p50_z_UY
Pre-tax national income 
Bottom 50% | share | adults | equal split
",p0p50,2019,0.183
Uzbekistan,"sptinc_p0p50_z_UZ
Pre-tax national income 
Bottom 50% | share | adults | equal split
",p0p50,2019,0.1458
Venezuela,"sptinc_p0p50_z_VE
Pre-tax national income 
Bottom 50% | share | adults | equal split
",p0p50,2019,0.1262
Vietnam,"sptinc_p0p50_z_VN
Pre-tax national income 
Bottom 50% | share | adults | equal split
",p0p50,2019,0.1458
Western Africa,"sptinc_p0p50_z_QV
Pre-tax national income 
Bottom 50% | share | adults | equal split
",p0p50,2019,0.1229
Western Africa (at market exchange rate),"sptinc_p0p50_z_QV-MER
Pre-tax national income 
Bottom 50% | share | adults | equal split
",p0p50,2019,0.1218
Western Asia,"sptinc_p0p50_z_QW
Pre-tax national income 
Bottom 50% | share | adults | equal split
",p0p50,2019,0.1222
Western Asia (at market exchange rate),"sptinc_p0p50_z_QW-MER
Pre-tax national income 
Bottom 50% | share | adults | equal split
",p0p50,2019,0.1051
Western Europe,"sptinc_p0p50_z_QX
Pre-tax national income 
Bottom 50% | share | adults | equal split
",p0p50,2019,0.2017
Western Europe (at market exchange rate),"sptinc_p0p50_z_QX-MER
Pre-tax national income 
Bottom 50% | share | adults | equal split
",p0p50,2019,0.1915
World,"sptinc_p0p50_z_WO
Pre-tax national income 
Bottom 50% | share | adults | equal split
",p0p50,2019,0.0853
World (at market exchange rate),"sptinc_p0p50_z_WO-MER
Pre-tax national income 
Bottom 50% | share | adults | equal split
",p0p50,2019,0.0475
Yemen,"sptinc_p0p50_z_YE
Pre-tax national income 
Bottom 50% | share | adults | equal split
",p0p50,2019,0.0928
Zambia,"sptinc_p0p50_z_ZM
Pre-tax national income 
Bottom 50% | share | adults | equal split
",p0p50,2019,0.0695
Zanzibar,"sptinc_p0p50_z_ZZ
Pre-tax national income 
Bottom 50% | share | adults | equal split
",p0p50,2019,0.1295
Zimbabwe,"sptinc_p0p50_z_ZW
Pre-tax national income 
Bottom 50% | share | adults | equal split
",p0p50,2019,0.0923
