﻿name,"sptinc_p50p90_z_AF
Pre-tax national income 
Middle 40% | share | adults | equal split
",p50p90,2019,mid40per
Afghanistan,"sptinc_p50p90_z_AF
Pre-tax national income 
Middle 40% | share | adults | equal split
",p50p90,2019,0.4078
Africa,"sptinc_p50p90_z_QB
Pre-tax national income 
Middle 40% | share | adults | equal split
",p50p90,2019,0.3708
Africa (at market exchange rate),"sptinc_p50p90_z_QB-MER
Pre-tax national income 
Middle 40% | share | adults | equal split
",p50p90,2019,0.3663
Albania,"sptinc_p50p90_z_AL
Pre-tax national income 
Middle 40% | share | adults | equal split
",p50p90,2019,0.4703
Algeria,"sptinc_p50p90_z_DZ
Pre-tax national income 
Middle 40% | share | adults | equal split
",p50p90,2019,0.429
Angola,"sptinc_p50p90_z_AO
Pre-tax national income 
Middle 40% | share | adults | equal split
",p50p90,2019,0.3295
Argentina,"sptinc_p50p90_z_AR
Pre-tax national income 
Middle 40% | share | adults | equal split
",p50p90,2019,0.4099
Armenia,"sptinc_p50p90_z_AM
Pre-tax national income 
Middle 40% | share | adults | equal split
",p50p90,2019,0.4084
Asia,"sptinc_p50p90_z_QD
Pre-tax national income 
Middle 40% | share | adults | equal split
",p50p90,2019,0.3905
Asia (at market exchange rate),"sptinc_p50p90_z_QD-MER
Pre-tax national income 
Middle 40% | share | adults | equal split
",p50p90,2019,0.3775
Asia (excl. Middle East),"sptinc_p50p90_z_XA
Pre-tax national income 
Middle 40% | share | adults | equal split
",p50p90,2019,0.3987
Asia (excl. Middle East) (at market exchange rate),"sptinc_p50p90_z_XA-MER
Pre-tax national income 
Middle 40% | share | adults | equal split
",p50p90,2019,0.3853
Australia,"sptinc_p50p90_z_AU
Pre-tax national income 
Middle 40% | share | adults | equal split
",p50p90,2019,0.5024
Austria,"sptinc_p50p90_z_AT
Pre-tax national income 
Middle 40% | share | adults | equal split
",p50p90,2019,0.441
Azerbaijan,"sptinc_p50p90_z_AZ
Pre-tax national income 
Middle 40% | share | adults | equal split
",p50p90,2019,0.4065
The Bahamas,"sptinc_p50p90_z_BS
Pre-tax national income 
Middle 40% | share | adults | equal split
",p50p90,2019,0.3876
Bahrain,"sptinc_p50p90_z_BH
Pre-tax national income 
Middle 40% | share | adults | equal split
",p50p90,2019,0.3249
Bangladesh,"sptinc_p50p90_z_BD
Pre-tax national income 
Middle 40% | share | adults | equal split
",p50p90,2019,0.4009
Belarus,"sptinc_p50p90_z_BY
Pre-tax national income 
Middle 40% | share | adults | equal split
",p50p90,2019,0.4411
Belgium,"sptinc_p50p90_z_BE
Pre-tax national income 
Middle 40% | share | adults | equal split
",p50p90,2019,0.4671
Belize,"sptinc_p50p90_z_BZ
Pre-tax national income 
Middle 40% | share | adults | equal split
",p50p90,2019,0.3876
Benin,"sptinc_p50p90_z_BJ
Pre-tax national income 
Middle 40% | share | adults | equal split
",p50p90,2019,0.3383
Bhutan,"sptinc_p50p90_z_BT
Pre-tax national income 
Middle 40% | share | adults | equal split
",p50p90,2019,0.424
Bolivia,"sptinc_p50p90_z_BO
Pre-tax national income 
Middle 40% | share | adults | equal split
",p50p90,2019,0.3876
Bosnia and Herzegovina,"sptinc_p50p90_z_BA
Pre-tax national income 
Middle 40% | share | adults | equal split
",p50p90,2019,0.4759
Botswana,"sptinc_p50p90_z_BW
Pre-tax national income 
Middle 40% | share | adults | equal split
",p50p90,2019,0.3262
Brazil,"sptinc_p50p90_z_BR
Pre-tax national income 
Middle 40% | share | adults | equal split
",p50p90,2019,0.3137
Brunei Darussalam,"sptinc_p50p90_z_BN
Pre-tax national income 
Middle 40% | share | adults | equal split
",p50p90,2019,0.4303
Bulgaria,"sptinc_p50p90_z_BG
Pre-tax national income 
Middle 40% | share | adults | equal split
",p50p90,2019,0.4002
Burkina Faso,"sptinc_p50p90_z_BF
Pre-tax national income 
Middle 40% | share | adults | equal split
",p50p90,2019,0.3771
Burundi,"sptinc_p50p90_z_BI
Pre-tax national income 
Middle 40% | share | adults | equal split
",p50p90,2019,0.376
Cabo Verde,"sptinc_p50p90_z_CV
Pre-tax national income 
Middle 40% | share | adults | equal split
",p50p90,2019,0.3854
Cambodia,"sptinc_p50p90_z_KH
Pre-tax national income 
Middle 40% | share | adults | equal split
",p50p90,2019,0.3964
Cameroon,"sptinc_p50p90_z_CM
Pre-tax national income 
Middle 40% | share | adults | equal split
",p50p90,2019,0.3732
Canada,"sptinc_p50p90_z_CA
Pre-tax national income 
Middle 40% | share | adults | equal split
",p50p90,2019,0.4372
Central African Republic,"sptinc_p50p90_z_CF
Pre-tax national income 
Middle 40% | share | adults | equal split
",p50p90,2019,0.2746
Central Asia,"sptinc_p50p90_z_QJ
Pre-tax national income 
Middle 40% | share | adults | equal split
",p50p90,2019,0.3884
Central Asia (at market exchange rate),"sptinc_p50p90_z_QJ-MER
Pre-tax national income 
Middle 40% | share | adults | equal split
",p50p90,2019,0.3723
Chad,"sptinc_p50p90_z_TD
Pre-tax national income 
Middle 40% | share | adults | equal split
",p50p90,2019,0.3841
Chile,"sptinc_p50p90_z_CL
Pre-tax national income 
Middle 40% | share | adults | equal split
",p50p90,2019,0.3091
China,"sptinc_p50p90_z_CN
Pre-tax national income 
Middle 40% | share | adults | equal split
",p50p90,2019,0.4398
Colombia,"sptinc_p50p90_z_CO
Pre-tax national income 
Middle 40% | share | adults | equal split
",p50p90,2019,0.3791
Comoros,"sptinc_p50p90_z_KM
Pre-tax national income 
Middle 40% | share | adults | equal split
",p50p90,2019,0.3835
Republic of the Congo,"sptinc_p50p90_z_CG
Pre-tax national income 
Middle 40% | share | adults | equal split
",p50p90,2019,0.3416
Costa Rica,"sptinc_p50p90_z_CR
Pre-tax national income 
Middle 40% | share | adults | equal split
",p50p90,2019,0.3918
Cote d’Ivoire,"sptinc_p50p90_z_CI
Pre-tax national income 
Middle 40% | share | adults | equal split
",p50p90,2019,0.3855
Croatia,"sptinc_p50p90_z_HR
Pre-tax national income 
Middle 40% | share | adults | equal split
",p50p90,2019,0.4621
Cuba,"sptinc_p50p90_z_CU
Pre-tax national income 
Middle 40% | share | adults | equal split
",p50p90,2019,0.4303
Cyprus,"sptinc_p50p90_z_CY
Pre-tax national income 
Middle 40% | share | adults | equal split
",p50p90,2019,0.445
Czech Republic,"sptinc_p50p90_z_CZ
Pre-tax national income 
Middle 40% | share | adults | equal split
",p50p90,2019,0.4597
Democratic Republic of the Congo,"sptinc_p50p90_z_CD
Pre-tax national income 
Middle 40% | share | adults | equal split
",p50p90,2019,0.3852
Denmark,"sptinc_p50p90_z_DK
Pre-tax national income 
Middle 40% | share | adults | equal split
",p50p90,2019,0.449
Djibouti,"sptinc_p50p90_z_DJ
Pre-tax national income 
Middle 40% | share | adults | equal split
",p50p90,2019,0.3736
Dominican Republic,"sptinc_p50p90_z_DO
Pre-tax national income 
Middle 40% | share | adults | equal split
",p50p90,2019,0.3876
Eastern Africa,"sptinc_p50p90_z_QK
Pre-tax national income 
Middle 40% | share | adults | equal split
",p50p90,2019,0.3569
Eastern Africa (at market exchange rate),"sptinc_p50p90_z_QK-MER
Pre-tax national income 
Middle 40% | share | adults | equal split
",p50p90,2019,0.3329
Eastern Asia,"sptinc_p50p90_z_QL
Pre-tax national income 
Middle 40% | share | adults | equal split
",p50p90,2019,0.4269
Eastern Asia (at market exchange rate),"sptinc_p50p90_z_QL-MER
Pre-tax national income 
Middle 40% | share | adults | equal split
",p50p90,2019,0.4147
Eastern Europe,"sptinc_p50p90_z_QM
Pre-tax national income 
Middle 40% | share | adults | equal split
",p50p90,2019,0.4511
Eastern Europe (at market exchange rate),"sptinc_p50p90_z_QM-MER
Pre-tax national income 
Middle 40% | share | adults | equal split
",p50p90,2019,0.4593
Ecuador,"sptinc_p50p90_z_EC
Pre-tax national income 
Middle 40% | share | adults | equal split
",p50p90,2019,0.4654
Egypt,"sptinc_p50p90_z_EG
Pre-tax national income 
Middle 40% | share | adults | equal split
",p50p90,2019,0.3553
El Salvador,"sptinc_p50p90_z_SV
Pre-tax national income 
Middle 40% | share | adults | equal split
",p50p90,2019,0.4725
Equatorial Guinea,"sptinc_p50p90_z_GQ
Pre-tax national income 
Middle 40% | share | adults | equal split
",p50p90,2019,0.3692
Eritrea,"sptinc_p50p90_z_ER
Pre-tax national income 
Middle 40% | share | adults | equal split
",p50p90,2019,0.3869
Estonia,"sptinc_p50p90_z_EE
Pre-tax national income 
Middle 40% | share | adults | equal split
",p50p90,2019,0.471
Ethiopia,"sptinc_p50p90_z_ET
Pre-tax national income 
Middle 40% | share | adults | equal split
",p50p90,2019,0.3869
Europe,"sptinc_p50p90_z_QE
Pre-tax national income 
Middle 40% | share | adults | equal split
",p50p90,2019,0.4529
Europe (at market exchange rate),"sptinc_p50p90_z_QE-MER
Pre-tax national income 
Middle 40% | share | adults | equal split
",p50p90,2019,0.4617
European Union,"sptinc_p50p90_z_QY
Pre-tax national income 
Middle 40% | share | adults | equal split
",p50p90,2019,0.4495
European Union (at market exchange rate),"sptinc_p50p90_z_QY-MER
Pre-tax national income 
Middle 40% | share | adults | equal split
",p50p90,2019,0.4579
Finland,"sptinc_p50p90_z_FI
Pre-tax national income 
Middle 40% | share | adults | equal split
",p50p90,2019,0.4488
France,"sptinc_p50p90_z_FR
Pre-tax national income 
Middle 40% | share | adults | equal split
",p50p90,2019,0.4504
Gabon,"sptinc_p50p90_z_GA
Pre-tax national income 
Middle 40% | share | adults | equal split
",p50p90,2019,0.4227
Gambia,"sptinc_p50p90_z_GM
Pre-tax national income 
Middle 40% | share | adults | equal split
",p50p90,2019,0.3911
Georgia,"sptinc_p50p90_z_GE
Pre-tax national income 
Middle 40% | share | adults | equal split
",p50p90,2019,0.3707
Germany,"sptinc_p50p90_z_DE
Pre-tax national income 
Middle 40% | share | adults | equal split
",p50p90,2019,0.4387
Ghana,"sptinc_p50p90_z_GH
Pre-tax national income 
Middle 40% | share | adults | equal split
",p50p90,2019,0.3889
Greece,"sptinc_p50p90_z_GR
Pre-tax national income 
Middle 40% | share | adults | equal split
",p50p90,2019,0.4642
Guatemala,"sptinc_p50p90_z_GT
Pre-tax national income 
Middle 40% | share | adults | equal split
",p50p90,2019,0.3876
Guinea,"sptinc_p50p90_z_GN
Pre-tax national income 
Middle 40% | share | adults | equal split
",p50p90,2019,0.4112
Guinea-Bissau,"sptinc_p50p90_z_GW
Pre-tax national income 
Middle 40% | share | adults | equal split
",p50p90,2019,0.3028
Guyana,"sptinc_p50p90_z_GY
Pre-tax national income 
Middle 40% | share | adults | equal split
",p50p90,2019,0.3876
Haiti,"sptinc_p50p90_z_HT
Pre-tax national income 
Middle 40% | share | adults | equal split
",p50p90,2019,0.3876
Honduras,"sptinc_p50p90_z_HN
Pre-tax national income 
Middle 40% | share | adults | equal split
",p50p90,2019,0.3876
Hong Kong,"sptinc_p50p90_z_HK
Pre-tax national income 
Middle 40% | share | adults | equal split
",p50p90,2019,0.3823
Hungary,"sptinc_p50p90_z_HU
Pre-tax national income 
Middle 40% | share | adults | equal split
",p50p90,2019,0.4408
Iceland,"sptinc_p50p90_z_IS
Pre-tax national income 
Middle 40% | share | adults | equal split
",p50p90,2019,0.4593
India,"sptinc_p50p90_z_IN
Pre-tax national income 
Middle 40% | share | adults | equal split
",p50p90,2019,0.2974
Indonesia,"sptinc_p50p90_z_ID
Pre-tax national income 
Middle 40% | share | adults | equal split
",p50p90,2019,0.3961
Iran,"sptinc_p50p90_z_IR
Pre-tax national income 
Middle 40% | share | adults | equal split
",p50p90,2019,0.3406
Iraq,"sptinc_p50p90_z_IQ
Pre-tax national income 
Middle 40% | share | adults | equal split
",p50p90,2019,0.3523
Ireland,"sptinc_p50p90_z_IE
Pre-tax national income 
Middle 40% | share | adults | equal split
",p50p90,2019,0.4438
Israel,"sptinc_p50p90_z_IL
Pre-tax national income 
Middle 40% | share | adults | equal split
",p50p90,2019,0.3794
Italy,"sptinc_p50p90_z_IT
Pre-tax national income 
Middle 40% | share | adults | equal split
",p50p90,2019,0.469
Jamaica,"sptinc_p50p90_z_JM
Pre-tax national income 
Middle 40% | share | adults | equal split
",p50p90,2019,0.3876
Japan,"sptinc_p50p90_z_JP
Pre-tax national income 
Middle 40% | share | adults | equal split
",p50p90,2019,0.3833
Jordan,"sptinc_p50p90_z_JO
Pre-tax national income 
Middle 40% | share | adults | equal split
",p50p90,2019,0.3636
Kazakhstan,"sptinc_p50p90_z_KZ
Pre-tax national income 
Middle 40% | share | adults | equal split
",p50p90,2019,0.411
Kenya,"sptinc_p50p90_z_KE
Pre-tax national income 
Middle 40% | share | adults | equal split
",p50p90,2019,0.3827
South Korea,"sptinc_p50p90_z_KR
Pre-tax national income 
Middle 40% | share | adults | equal split
",p50p90,2019,0.3751
Kosovo,"sptinc_p50p90_z_KS
Pre-tax national income 
Middle 40% | share | adults | equal split
",p50p90,2019,0.4851
Kuwait,"sptinc_p50p90_z_KW
Pre-tax national income 
Middle 40% | share | adults | equal split
",p50p90,2019,0.3442
Kyrgyzstan,"sptinc_p50p90_z_KG
Pre-tax national income 
Middle 40% | share | adults | equal split
",p50p90,2019,0.3903
Lao PDR,"sptinc_p50p90_z_LA
Pre-tax national income 
Middle 40% | share | adults | equal split
",p50p90,2019,0.3772
Latin America,"sptinc_p50p90_z_XL
Pre-tax national income 
Middle 40% | share | adults | equal split
",p50p90,2019,0.3496
Latin America (at market exchange rate),"sptinc_p50p90_z_XL-MER
Pre-tax national income 
Middle 40% | share | adults | equal split
",p50p90,2019,0.2451
Latvia,"sptinc_p50p90_z_LV
Pre-tax national income 
Middle 40% | share | adults | equal split
",p50p90,2019,0.476
Lebanon,"sptinc_p50p90_z_LB
Pre-tax national income 
Middle 40% | share | adults | equal split
",p50p90,2019,0.3431
Lesotho,"sptinc_p50p90_z_LS
Pre-tax national income 
Middle 40% | share | adults | equal split
",p50p90,2019,0.3921
Liberia,"sptinc_p50p90_z_LR
Pre-tax national income 
Middle 40% | share | adults | equal split
",p50p90,2019,0.4133
Libya,"sptinc_p50p90_z_LY
Pre-tax national income 
Middle 40% | share | adults | equal split
",p50p90,2019,0.3946
Lithuania,"sptinc_p50p90_z_LT
Pre-tax national income 
Middle 40% | share | adults | equal split
",p50p90,2019,0.4541
Luxembourg,"sptinc_p50p90_z_LU
Pre-tax national income 
Middle 40% | share | adults | equal split
",p50p90,2019,0.4628
Macao,"sptinc_p50p90_z_MO
Pre-tax national income 
Middle 40% | share | adults | equal split
",p50p90,2019,0.4398
Madagascar,"sptinc_p50p90_z_MG
Pre-tax national income 
Middle 40% | share | adults | equal split
",p50p90,2019,0.3676
Malawi,"sptinc_p50p90_z_MW
Pre-tax national income 
Middle 40% | share | adults | equal split
",p50p90,2019,0.3176
Malaysia,"sptinc_p50p90_z_MY
Pre-tax national income 
Middle 40% | share | adults | equal split
",p50p90,2019,0.4244
Maldives,"sptinc_p50p90_z_MV
Pre-tax national income 
Middle 40% | share | adults | equal split
",p50p90,2019,0.4198
Mali,"sptinc_p50p90_z_ML
Pre-tax national income 
Middle 40% | share | adults | equal split
",p50p90,2019,0.424
Malta,"sptinc_p50p90_z_MT
Pre-tax national income 
Middle 40% | share | adults | equal split
",p50p90,2019,0.4681
Mauritania,"sptinc_p50p90_z_MR
Pre-tax national income 
Middle 40% | share | adults | equal split
",p50p90,2019,0.4273
Mauritius,"sptinc_p50p90_z_MU
Pre-tax national income 
Middle 40% | share | adults | equal split
",p50p90,2019,0.3779
Mexico,"sptinc_p50p90_z_MX
Pre-tax national income 
Middle 40% | share | adults | equal split
",p50p90,2019,0.3348
Middle Africa,"sptinc_p50p90_z_QN
Pre-tax national income 
Middle 40% | share | adults | equal split
",p50p90,2019,0.3206
Middle Africa (at market exchange rate),"sptinc_p50p90_z_QN-MER
Pre-tax national income 
Middle 40% | share | adults | equal split
",p50p90,2019,0.3313
Middle East,"sptinc_p50p90_z_XM
Pre-tax national income 
Middle 40% | share | adults | equal split
",p50p90,2019,0.3216
Middle East (at market exchange rate),"sptinc_p50p90_z_XM-MER
Pre-tax national income 
Middle 40% | share | adults | equal split
",p50p90,2019,0.313
Middle East and Northern Africa,"sptinc_p50p90_z_XN
Pre-tax national income 
Middle 40% | share | adults | equal split
",p50p90,2019,0.3272
Middle East and Northern Africa (at market exchange rate),"sptinc_p50p90_z_XN-MER
Pre-tax national income 
Middle 40% | share | adults | equal split
",p50p90,2019,0.3051
Moldova,"sptinc_p50p90_z_MD
Pre-tax national income 
Middle 40% | share | adults | equal split
",p50p90,2019,0.4738
Mongolia,"sptinc_p50p90_z_MN
Pre-tax national income 
Middle 40% | share | adults | equal split
",p50p90,2019,0.4095
Montenegro,"sptinc_p50p90_z_ME
Pre-tax national income 
Middle 40% | share | adults | equal split
",p50p90,2019,0.4755
Morocco,"sptinc_p50p90_z_MA
Pre-tax national income 
Middle 40% | share | adults | equal split
",p50p90,2019,0.3701
Mozambique,"sptinc_p50p90_z_MZ
Pre-tax national income 
Middle 40% | share | adults | equal split
",p50p90,2019,0.2707
Myanmar,"sptinc_p50p90_z_MM
Pre-tax national income 
Middle 40% | share | adults | equal split
",p50p90,2019,0.4001
Namibia,"sptinc_p50p90_z_NA
Pre-tax national income 
Middle 40% | share | adults | equal split
",p50p90,2019,0.2925
Nepal,"sptinc_p50p90_z_NP
Pre-tax national income 
Middle 40% | share | adults | equal split
",p50p90,2019,0.4141
Netherlands,"sptinc_p50p90_z_NL
Pre-tax national income 
Middle 40% | share | adults | equal split
",p50p90,2019,0.4808
New Zealand,"sptinc_p50p90_z_NZ
Pre-tax national income 
Middle 40% | share | adults | equal split
",p50p90,2019,0.4586
Nicaragua,"sptinc_p50p90_z_NI
Pre-tax national income 
Middle 40% | share | adults | equal split
",p50p90,2019,0.3876
Niger,"sptinc_p50p90_z_NE
Pre-tax national income 
Middle 40% | share | adults | equal split
",p50p90,2019,0.4099
Nigeria,"sptinc_p50p90_z_NG
Pre-tax national income 
Middle 40% | share | adults | equal split
",p50p90,2019,0.4178
North Korea,"sptinc_p50p90_z_KP
Pre-tax national income 
Middle 40% | share | adults | equal split
",p50p90,2019,0.4222
North Macedonia,"sptinc_p50p90_z_MK
Pre-tax national income 
Middle 40% | share | adults | equal split
",p50p90,2019,0.4975
Northern Africa,"sptinc_p50p90_z_QO
Pre-tax national income 
Middle 40% | share | adults | equal split
",p50p90,2019,0.3846
Northern Africa (at market exchange rate),"sptinc_p50p90_z_QO-MER
Pre-tax national income 
Middle 40% | share | adults | equal split
",p50p90,2019,0.3843
Northern America,"sptinc_p50p90_z_QP
Pre-tax national income 
Middle 40% | share | adults | equal split
",p50p90,2019,0.4107
Northern America (at market exchange rate),"sptinc_p50p90_z_QP-MER
Pre-tax national income 
Middle 40% | share | adults | equal split
",p50p90,2019,0.4108
Northern America and Oceania,"sptinc_p50p90_z_XB
Pre-tax national income 
Middle 40% | share | adults | equal split
",p50p90,2019,0.4076
Northern America and Oceania (at market exchange rate),"sptinc_p50p90_z_XB-MER
Pre-tax national income 
Middle 40% | share | adults | equal split
",p50p90,2019,0.4108
Norway,"sptinc_p50p90_z_NO
Pre-tax national income 
Middle 40% | share | adults | equal split
",p50p90,2019,0.4527
Oceania,"sptinc_p50p90_z_QF
Pre-tax national income 
Middle 40% | share | adults | equal split
",p50p90,2019,0.5015
Oceania (at market exchange rate),"sptinc_p50p90_z_QF-MER
Pre-tax national income 
Middle 40% | share | adults | equal split
",p50p90,2019,0.503
Oman,"sptinc_p50p90_z_OM
Pre-tax national income 
Middle 40% | share | adults | equal split
",p50p90,2019,0.1436
Other Eastern Asia,"sptinc_p50p90_z_OB
Pre-tax national income 
Middle 40% | share | adults | equal split
",p50p90,2019,0.4273
Other Eastern Asia (at market exchange rate),"sptinc_p50p90_z_OB-MER
Pre-tax national income 
Middle 40% | share | adults | equal split
",p50p90,2019,0.4179
Other Latin America,"sptinc_p50p90_z_OD
Pre-tax national income 
Middle 40% | share | adults | equal split
",p50p90,2019,0.4056
Other Latin America (at market exchange rate),"sptinc_p50p90_z_OD-MER
Pre-tax national income 
Middle 40% | share | adults | equal split
",p50p90,2019,0.2155
Other Middle East and Northern Africa,"sptinc_p50p90_z_OE
Pre-tax national income 
Middle 40% | share | adults | equal split
",p50p90,2019,0.3126
Other Middle East and Northern Africa (at market exchange rate),"sptinc_p50p90_z_OE-MER
Pre-tax national income 
Middle 40% | share | adults | equal split
",p50p90,2019,0.3163
Other Russia and Central Asia,"sptinc_p50p90_z_OA
Pre-tax national income 
Middle 40% | share | adults | equal split
",p50p90,2019,0.416
Other Russia and Central Asia (at market exchange rate),"sptinc_p50p90_z_OA-MER
Pre-tax national income 
Middle 40% | share | adults | equal split
",p50p90,2019,0.4069
Other South South-Eastern Asia,"sptinc_p50p90_z_OI
Pre-tax national income 
Middle 40% | share | adults | equal split
",p50p90,2019,0.3626
Other South South-Eastern Asia (at market exchange rate),"sptinc_p50p90_z_OI-MER
Pre-tax national income 
Middle 40% | share | adults | equal split
",p50p90,2019,0.3355
Other Sub-Saharan Africa,"sptinc_p50p90_z_OJ
Pre-tax national income 
Middle 40% | share | adults | equal split
",p50p90,2019,0.3803
Other Sub-Saharan Africa (at market exchange rate),"sptinc_p50p90_z_OJ-MER
Pre-tax national income 
Middle 40% | share | adults | equal split
",p50p90,2019,0.3741
Other Western Europe,"sptinc_p50p90_z_OC
Pre-tax national income 
Middle 40% | share | adults | equal split
",p50p90,2019,0.4689
Other Western Europe (at market exchange rate),"sptinc_p50p90_z_OC-MER
Pre-tax national income 
Middle 40% | share | adults | equal split
",p50p90,2019,0.4805
Pakistan,"sptinc_p50p90_z_PK
Pre-tax national income 
Middle 40% | share | adults | equal split
",p50p90,2019,0.3947
Palestine,"sptinc_p50p90_z_PS
Pre-tax national income 
Middle 40% | share | adults | equal split
",p50p90,2019,0.3664
Panama,"sptinc_p50p90_z_PA
Pre-tax national income 
Middle 40% | share | adults | equal split
",p50p90,2019,0.3876
Papua New Guinea,"sptinc_p50p90_z_PG
Pre-tax national income 
Middle 40% | share | adults | equal split
",p50p90,2019,0.4016
Paraguay,"sptinc_p50p90_z_PY
Pre-tax national income 
Middle 40% | share | adults | equal split
",p50p90,2019,0.3876
Peru,"sptinc_p50p90_z_PE
Pre-tax national income 
Middle 40% | share | adults | equal split
",p50p90,2019,0.3884
Philippines,"sptinc_p50p90_z_PH
Pre-tax national income 
Middle 40% | share | adults | equal split
",p50p90,2019,0.396
Poland,"sptinc_p50p90_z_PL
Pre-tax national income 
Middle 40% | share | adults | equal split
",p50p90,2019,0.4285
Portugal,"sptinc_p50p90_z_PT
Pre-tax national income 
Middle 40% | share | adults | equal split
",p50p90,2019,0.4394
Qatar,"sptinc_p50p90_z_QA
Pre-tax national income 
Middle 40% | share | adults | equal split
",p50p90,2019,0.3435
Romania,"sptinc_p50p90_z_RO
Pre-tax national income 
Middle 40% | share | adults | equal split
",p50p90,2019,0.434
Russia and Central Asia,"sptinc_p50p90_z_XR
Pre-tax national income 
Middle 40% | share | adults | equal split
",p50p90,2019,0.3865
Russia and Central Asia (at market exchange rate),"sptinc_p50p90_z_XR-MER
Pre-tax national income 
Middle 40% | share | adults | equal split
",p50p90,2019,0.3882
Russia,"sptinc_p50p90_z_RU
Pre-tax national income 
Middle 40% | share | adults | equal split
",p50p90,2019,0.3659
Rwanda,"sptinc_p50p90_z_RW
Pre-tax national income 
Middle 40% | share | adults | equal split
",p50p90,2019,0.3422
Sao Tome and Principe,"sptinc_p50p90_z_ST
Pre-tax national income 
Middle 40% | share | adults | equal split
",p50p90,2019,0.4313
Saudi Arabia,"sptinc_p50p90_z_SA
Pre-tax national income 
Middle 40% | share | adults | equal split
",p50p90,2019,0.3489
Senegal,"sptinc_p50p90_z_SN
Pre-tax national income 
Middle 40% | share | adults | equal split
",p50p90,2019,0.3891
Serbia,"sptinc_p50p90_z_RS
Pre-tax national income 
Middle 40% | share | adults | equal split
",p50p90,2019,0.48
Seychelles,"sptinc_p50p90_z_SC
Pre-tax national income 
Middle 40% | share | adults | equal split
",p50p90,2019,0.3578
Sierra Leone,"sptinc_p50p90_z_SL
Pre-tax national income 
Middle 40% | share | adults | equal split
",p50p90,2019,0.3801
Singapore,"sptinc_p50p90_z_SG
Pre-tax national income 
Middle 40% | share | adults | equal split
",p50p90,2019,0.3707
Slovakia,"sptinc_p50p90_z_SK
Pre-tax national income 
Middle 40% | share | adults | equal split
",p50p90,2019,0.4869
Slovenia,"sptinc_p50p90_z_SI
Pre-tax national income 
Middle 40% | share | adults | equal split
",p50p90,2019,0.4739
Somalia,"sptinc_p50p90_z_SO
Pre-tax national income 
Middle 40% | share | adults | equal split
",p50p90,2019,0.41
South Africa,"sptinc_p50p90_z_ZA
Pre-tax national income 
Middle 40% | share | adults | equal split
",p50p90,2019,0.2879
South South-Eastern Asia,"sptinc_p50p90_z_XS
Pre-tax national income 
Middle 40% | share | adults | equal split
",p50p90,2019,0.3306
South South-Eastern Asia (at market exchange rate),"sptinc_p50p90_z_XS-MER
Pre-tax national income 
Middle 40% | share | adults | equal split
",p50p90,2019,0.3255
South Sudan,"sptinc_p50p90_z_SS
Pre-tax national income 
Middle 40% | share | adults | equal split
",p50p90,2019,0.3808
South-Eastern Asia,"sptinc_p50p90_z_QS
Pre-tax national income 
Middle 40% | share | adults | equal split
",p50p90,2019,0.379
South-Eastern Asia (at market exchange rate),"sptinc_p50p90_z_QS-MER
Pre-tax national income 
Middle 40% | share | adults | equal split
",p50p90,2019,0.3582
Southern Africa,"sptinc_p50p90_z_QT
Pre-tax national income 
Middle 40% | share | adults | equal split
",p50p90,2019,0.287
Southern Africa (at market exchange rate),"sptinc_p50p90_z_QT-MER
Pre-tax national income 
Middle 40% | share | adults | equal split
",p50p90,2019,0.2875
Southern Asia,"sptinc_p50p90_z_QU
Pre-tax national income 
Middle 40% | share | adults | equal split
",p50p90,2019,0.3112
Southern Asia (at market exchange rate),"sptinc_p50p90_z_QU-MER
Pre-tax national income 
Middle 40% | share | adults | equal split
",p50p90,2019,0.292
Spain,"sptinc_p50p90_z_ES
Pre-tax national income 
Middle 40% | share | adults | equal split
",p50p90,2019,0.4421
Sri Lanka,"sptinc_p50p90_z_LK
Pre-tax national income 
Middle 40% | share | adults | equal split
",p50p90,2019,0.3647
Sub-Saharan Africa,"sptinc_p50p90_z_XF
Pre-tax national income 
Middle 40% | share | adults | equal split
",p50p90,2019,0.3538
Sub-Saharan Africa (at market exchange rate),"sptinc_p50p90_z_XF-MER
Pre-tax national income 
Middle 40% | share | adults | equal split
",p50p90,2019,0.3454
Sudan,"sptinc_p50p90_z_SD
Pre-tax national income 
Middle 40% | share | adults | equal split
",p50p90,2019,0.3919
Suriname,"sptinc_p50p90_z_SR
Pre-tax national income 
Middle 40% | share | adults | equal split
",p50p90,2019,0.3876
Swaziland,"sptinc_p50p90_z_SZ
Pre-tax national income 
Middle 40% | share | adults | equal split
",p50p90,2019,0.3226
Sweden,"sptinc_p50p90_z_SE
Pre-tax national income 
Middle 40% | share | adults | equal split
",p50p90,2019,0.4613
Switzerland,"sptinc_p50p90_z_CH
Pre-tax national income 
Middle 40% | share | adults | equal split
",p50p90,2019,0.4484
Syria,"sptinc_p50p90_z_SY
Pre-tax national income 
Middle 40% | share | adults | equal split
",p50p90,2019,0.3399
Taiwan,"sptinc_p50p90_z_TW
Pre-tax national income 
Middle 40% | share | adults | equal split
",p50p90,2019,0.4258
Tajikistan,"sptinc_p50p90_z_TJ
Pre-tax national income 
Middle 40% | share | adults | equal split
",p50p90,2019,0.4136
Tanzania,"sptinc_p50p90_z_TZ
Pre-tax national income 
Middle 40% | share | adults | equal split
",p50p90,2019,0.3568
Thailand,"sptinc_p50p90_z_TH
Pre-tax national income 
Middle 40% | share | adults | equal split
",p50p90,2019,0.3732
East Timor,"sptinc_p50p90_z_TL
Pre-tax national income 
Middle 40% | share | adults | equal split
",p50p90,2019,0.4093
Togo,"sptinc_p50p90_z_TG
Pre-tax national income 
Middle 40% | share | adults | equal split
",p50p90,2019,0.3981
Trinidad and Tobago,"sptinc_p50p90_z_TT
Pre-tax national income 
Middle 40% | share | adults | equal split
",p50p90,2019,0.3876
Tunisia,"sptinc_p50p90_z_TN
Pre-tax national income 
Middle 40% | share | adults | equal split
",p50p90,2019,0.4202
Turkey,"sptinc_p50p90_z_TR
Pre-tax national income 
Middle 40% | share | adults | equal split
",p50p90,2019,0.3363
Turkmenistan,"sptinc_p50p90_z_TM
Pre-tax national income 
Middle 40% | share | adults | equal split
",p50p90,2019,0.3812
United States of America,"sptinc_p50p90_z_US
Pre-tax national income 
Middle 40% | share | adults | equal split
",p50p90,2019,0.4124
Uganda,"sptinc_p50p90_z_UG
Pre-tax national income 
Middle 40% | share | adults | equal split
",p50p90,2019,0.358
Ukraine,"sptinc_p50p90_z_UA
Pre-tax national income 
Middle 40% | share | adults | equal split
",p50p90,2019,0.4395
United Arab Emirates,"sptinc_p50p90_z_AE
Pre-tax national income 
Middle 40% | share | adults | equal split
",p50p90,2019,0.3831
United Kingdom,"sptinc_p50p90_z_GB
Pre-tax national income 
Middle 40% | share | adults | equal split
",p50p90,2019,0.44
Uruguay,"sptinc_p50p90_z_UY
Pre-tax national income 
Middle 40% | share | adults | equal split
",p50p90,2019,0.4157
Uzbekistan,"sptinc_p50p90_z_UZ
Pre-tax national income 
Middle 40% | share | adults | equal split
",p50p90,2019,0.3916
Venezuela,"sptinc_p50p90_z_VE
Pre-tax national income 
Middle 40% | share | adults | equal split
",p50p90,2019,0.3876
Vietnam,"sptinc_p50p90_z_VN
Pre-tax national income 
Middle 40% | share | adults | equal split
",p50p90,2019,0.4054
Western Africa,"sptinc_p50p90_z_QV
Pre-tax national income 
Middle 40% | share | adults | equal split
",p50p90,2019,0.4081
Western Africa (at market exchange rate),"sptinc_p50p90_z_QV-MER
Pre-tax national income 
Middle 40% | share | adults | equal split
",p50p90,2019,0.4113
Western Asia,"sptinc_p50p90_z_QW
Pre-tax national income 
Middle 40% | share | adults | equal split
",p50p90,2019,0.3383
Western Asia (at market exchange rate),"sptinc_p50p90_z_QW-MER
Pre-tax national income 
Middle 40% | share | adults | equal split
",p50p90,2019,0.3146
Western Europe,"sptinc_p50p90_z_QX
Pre-tax national income 
Middle 40% | share | adults | equal split
",p50p90,2019,0.4504
Western Europe (at market exchange rate),"sptinc_p50p90_z_QX-MER
Pre-tax national income 
Middle 40% | share | adults | equal split
",p50p90,2019,0.4514
World,"sptinc_p50p90_z_WO
Pre-tax national income 
Middle 40% | share | adults | equal split
",p50p90,2019,0.3925
World (at market exchange rate),"sptinc_p50p90_z_WO-MER
Pre-tax national income 
Middle 40% | share | adults | equal split
",p50p90,2019,0.3339
Yemen,"sptinc_p50p90_z_YE
Pre-tax national income 
Middle 40% | share | adults | equal split
",p50p90,2019,0.3143
Zambia,"sptinc_p50p90_z_ZM
Pre-tax national income 
Middle 40% | share | adults | equal split
",p50p90,2019,0.3132
Zanzibar,"sptinc_p50p90_z_ZZ
Pre-tax national income 
Middle 40% | share | adults | equal split
",p50p90,2019,0.3568
Zimbabwe,"sptinc_p50p90_z_ZW
Pre-tax national income 
Middle 40% | share | adults | equal split
",p50p90,2019,0.3181
