﻿name,"sptinc_p99p100_z_AF
Pre-tax national income 
Top 1% | share
",p99p100,2019,top1per
Afghanistan,"sptinc_p99p100_z_AF
Pre-tax national income 
Top 1% | share
",p99p100,2019,0.1525
Africa,"sptinc_p99p100_z_QB
Pre-tax national income 
Top 1% | share
",p99p100,2019,0.1958
Africa (at market exchange rate),"sptinc_p99p100_z_QB-MER
Pre-tax national income 
Top 1% | share
",p99p100,2019,0.1997
Albania,"sptinc_p99p100_z_AL
Pre-tax national income 
Top 1% | share
",p99p100,2019,0.09
Algeria,"sptinc_p99p100_z_DZ
Pre-tax national income 
Top 1% | share
",p99p100,2019,0.0991
Angola,"sptinc_p99p100_z_AO
Pre-tax national income 
Top 1% | share
",p99p100,2019,0.2598
Argentina,"sptinc_p99p100_z_AR
Pre-tax national income 
Top 1% | share
",p99p100,2019,0.1751
Armenia,"sptinc_p99p100_z_AM
Pre-tax national income 
Top 1% | share
",p99p100,2019,0.1539
Asia,"sptinc_p99p100_z_QD
Pre-tax national income 
Top 1% | share
",p99p100,2019,0.1895
Asia (at market exchange rate),"sptinc_p99p100_z_QD-MER
Pre-tax national income 
Top 1% | share
",p99p100,2019,0.2155
Asia (excl. Middle East),"sptinc_p99p100_z_XA
Pre-tax national income 
Top 1% | share
",p99p100,2019,0.1742
Asia (excl. Middle East) (at market exchange rate),"sptinc_p99p100_z_XA-MER
Pre-tax national income 
Top 1% | share
",p99p100,2019,0.2022
Australia,"sptinc_p99p100_z_AU
Pre-tax national income 
Top 1% | share
",p99p100,2019,0.1285
Austria,"sptinc_p99p100_z_AT
Pre-tax national income 
Top 1% | share
",p99p100,2019,0.1012
Azerbaijan,"sptinc_p99p100_z_AZ
Pre-tax national income 
Top 1% | share
",p99p100,2019,0.1431
The Bahamas,"sptinc_p99p100_z_BS
Pre-tax national income 
Top 1% | share
",p99p100,2019,0.1953
Bahrain,"sptinc_p99p100_z_BH
Pre-tax national income 
Top 1% | share
",p99p100,2019,0.2497
Bangladesh,"sptinc_p99p100_z_BD
Pre-tax national income 
Top 1% | share
",p99p100,2019,0.1633
Belarus,"sptinc_p99p100_z_BY
Pre-tax national income 
Top 1% | share
",p99p100,2019,0.0986
Belgium,"sptinc_p99p100_z_BE
Pre-tax national income 
Top 1% | share
",p99p100,2019,0.0863
Belize,"sptinc_p99p100_z_BZ
Pre-tax national income 
Top 1% | share
",p99p100,2019,0.1953
Benin,"sptinc_p99p100_z_BJ
Pre-tax national income 
Top 1% | share
",p99p100,2019,0.1751
Bhutan,"sptinc_p99p100_z_BT
Pre-tax national income 
Top 1% | share
",p99p100,2019,0.1417
Bolivia,"sptinc_p99p100_z_BO
Pre-tax national income 
Top 1% | share
",p99p100,2019,0.1953
Bosnia and Herzegovina,"sptinc_p99p100_z_BA
Pre-tax national income 
Top 1% | share
",p99p100,2019,0.0896
Botswana,"sptinc_p99p100_z_BW
Pre-tax national income 
Top 1% | share
",p99p100,2019,0.2274
Brazil,"sptinc_p99p100_z_BR
Pre-tax national income 
Top 1% | share
",p99p100,2019,0.266
Brunei Darussalam,"sptinc_p99p100_z_BN
Pre-tax national income 
Top 1% | share
",p99p100,2019,0.1356
Bulgaria,"sptinc_p99p100_z_BG
Pre-tax national income 
Top 1% | share
",p99p100,2019,0.1824
Burkina Faso,"sptinc_p99p100_z_BF
Pre-tax national income 
Top 1% | share
",p99p100,2019,0.1456
Burundi,"sptinc_p99p100_z_BI
Pre-tax national income 
Top 1% | share
",p99p100,2019,0.1474
Cabo Verde,"sptinc_p99p100_z_CV
Pre-tax national income 
Top 1% | share
",p99p100,2019,0.1391
Cambodia,"sptinc_p99p100_z_KH
Pre-tax national income 
Top 1% | share
",p99p100,2019,0.1856
Cameroon,"sptinc_p99p100_z_CM
Pre-tax national income 
Top 1% | share
",p99p100,2019,0.1585
Canada,"sptinc_p99p100_z_CA
Pre-tax national income 
Top 1% | share
",p99p100,2019,0.1479
Central African Republic,"sptinc_p99p100_z_CF
Pre-tax national income 
Top 1% | share
",p99p100,2019,0.31
Central Asia,"sptinc_p99p100_z_QJ
Pre-tax national income 
Top 1% | share
",p99p100,2019,0.1886
Central Asia (at market exchange rate),"sptinc_p99p100_z_QJ-MER
Pre-tax national income 
Top 1% | share
",p99p100,2019,0.2083
Chad,"sptinc_p99p100_z_TD
Pre-tax national income 
Top 1% | share
",p99p100,2019,0.1571
Chile,"sptinc_p99p100_z_CL
Pre-tax national income 
Top 1% | share
",p99p100,2019,0.2647
China,"sptinc_p99p100_z_CN
Pre-tax national income 
Top 1% | share
",p99p100,2019,0.14
Colombia,"sptinc_p99p100_z_CO
Pre-tax national income 
Top 1% | share
",p99p100,2019,0.1885
Comoros,"sptinc_p99p100_z_KM
Pre-tax national income 
Top 1% | share
",p99p100,2019,0.1415
Republic of the Congo,"sptinc_p99p100_z_CG
Pre-tax national income 
Top 1% | share
",p99p100,2019,0.2052
Costa Rica,"sptinc_p99p100_z_CR
Pre-tax national income 
Top 1% | share
",p99p100,2019,0.1929
Cote d’Ivoire,"sptinc_p99p100_z_CI
Pre-tax national income 
Top 1% | share
",p99p100,2019,0.1721
Croatia,"sptinc_p99p100_z_HR
Pre-tax national income 
Top 1% | share
",p99p100,2019,0.102
Cuba,"sptinc_p99p100_z_CU
Pre-tax national income 
Top 1% | share
",p99p100,2019,0.1471
Cyprus,"sptinc_p99p100_z_CY
Pre-tax national income 
Top 1% | share
",p99p100,2019,0.1148
Czech Republic,"sptinc_p99p100_z_CZ
Pre-tax national income 
Top 1% | share
",p99p100,2019,0.1002
Democratic Republic of the Congo,"sptinc_p99p100_z_CD
Pre-tax national income 
Top 1% | share
",p99p100,2019,0.1463
Denmark,"sptinc_p99p100_z_DK
Pre-tax national income 
Top 1% | share
",p99p100,2019,0.1272
Djibouti,"sptinc_p99p100_z_DJ
Pre-tax national income 
Top 1% | share
",p99p100,2019,0.1586
Dominican Republic,"sptinc_p99p100_z_DO
Pre-tax national income 
Top 1% | share
",p99p100,2019,0.1953
Eastern Africa,"sptinc_p99p100_z_QK
Pre-tax national income 
Top 1% | share
",p99p100,2019,0.192
Eastern Africa (at market exchange rate),"sptinc_p99p100_z_QK-MER
Pre-tax national income 
Top 1% | share
",p99p100,2019,0.2116
Eastern Asia,"sptinc_p99p100_z_QL
Pre-tax national income 
Top 1% | share
",p99p100,2019,0.1537
Eastern Asia (at market exchange rate),"sptinc_p99p100_z_QL-MER
Pre-tax national income 
Top 1% | share
",p99p100,2019,0.169
Eastern Europe,"sptinc_p99p100_z_QM
Pre-tax national income 
Top 1% | share
",p99p100,2019,0.1331
Eastern Europe (at market exchange rate),"sptinc_p99p100_z_QM-MER
Pre-tax national income 
Top 1% | share
",p99p100,2019,0.1334
Ecuador,"sptinc_p99p100_z_EC
Pre-tax national income 
Top 1% | share
",p99p100,2019,0.1166
Egypt,"sptinc_p99p100_z_EG
Pre-tax national income 
Top 1% | share
",p99p100,2019,0.1984
El Salvador,"sptinc_p99p100_z_SV
Pre-tax national income 
Top 1% | share
",p99p100,2019,0.1349
Equatorial Guinea,"sptinc_p99p100_z_GQ
Pre-tax national income 
Top 1% | share
",p99p100,2019,0.1759
Eritrea,"sptinc_p99p100_z_ER
Pre-tax national income 
Top 1% | share
",p99p100,2019,0.1382
Estonia,"sptinc_p99p100_z_EE
Pre-tax national income 
Top 1% | share
",p99p100,2019,0.1165
Ethiopia,"sptinc_p99p100_z_ET
Pre-tax national income 
Top 1% | share
",p99p100,2019,0.1382
Europe,"sptinc_p99p100_z_QE
Pre-tax national income 
Top 1% | share
",p99p100,2019,0.117
Europe (at market exchange rate),"sptinc_p99p100_z_QE-MER
Pre-tax national income 
Top 1% | share
",p99p100,2019,0.121
European Union,"sptinc_p99p100_z_QY
Pre-tax national income 
Top 1% | share
",p99p100,2019,0.1162
European Union (at market exchange rate),"sptinc_p99p100_z_QY-MER
Pre-tax national income 
Top 1% | share
",p99p100,2019,0.1198
Finland,"sptinc_p99p100_z_FI
Pre-tax national income 
Top 1% | share
",p99p100,2019,0.1028
France,"sptinc_p99p100_z_FR
Pre-tax national income 
Top 1% | share
",p99p100,2019,0.0986
Gabon,"sptinc_p99p100_z_GA
Pre-tax national income 
Top 1% | share
",p99p100,2019,0.1102
Gambia,"sptinc_p99p100_z_GM
Pre-tax national income 
Top 1% | share
",p99p100,2019,0.1361
Georgia,"sptinc_p99p100_z_GE
Pre-tax national income 
Top 1% | share
",p99p100,2019,0.2111
Germany,"sptinc_p99p100_z_DE
Pre-tax national income 
Top 1% | share
",p99p100,2019,0.1287
Ghana,"sptinc_p99p100_z_GH
Pre-tax national income 
Top 1% | share
",p99p100,2019,0.1523
Greece,"sptinc_p99p100_z_GR
Pre-tax national income 
Top 1% | share
",p99p100,2019,0.1074
Guatemala,"sptinc_p99p100_z_GT
Pre-tax national income 
Top 1% | share
",p99p100,2019,0.1953
Guinea,"sptinc_p99p100_z_GN
Pre-tax national income 
Top 1% | share
",p99p100,2019,0.1253
Guinea-Bissau,"sptinc_p99p100_z_GW
Pre-tax national income 
Top 1% | share
",p99p100,2019,0.1708
Guyana,"sptinc_p99p100_z_GY
Pre-tax national income 
Top 1% | share
",p99p100,2019,0.1953
Haiti,"sptinc_p99p100_z_HT
Pre-tax national income 
Top 1% | share
",p99p100,2019,0.1953
Honduras,"sptinc_p99p100_z_HN
Pre-tax national income 
Top 1% | share
",p99p100,2019,0.1953
Hong Kong,"sptinc_p99p100_z_HK
Pre-tax national income 
Top 1% | share
",p99p100,2019,0.1785
Hungary,"sptinc_p99p100_z_HU
Pre-tax national income 
Top 1% | share
",p99p100,2019,0.1239
Iceland,"sptinc_p99p100_z_IS
Pre-tax national income 
Top 1% | share
",p99p100,2019,0.0878
India,"sptinc_p99p100_z_IN
Pre-tax national income 
Top 1% | share
",p99p100,2019,0.2173
Indonesia,"sptinc_p99p100_z_ID
Pre-tax national income 
Top 1% | share
",p99p100,2019,0.1828
Iran,"sptinc_p99p100_z_IR
Pre-tax national income 
Top 1% | share
",p99p100,2019,0.1818
Iraq,"sptinc_p99p100_z_IQ
Pre-tax national income 
Top 1% | share
",p99p100,2019,0.2063
Ireland,"sptinc_p99p100_z_IE
Pre-tax national income 
Top 1% | share
",p99p100,2019,0.1179
Israel,"sptinc_p99p100_z_IL
Pre-tax national income 
Top 1% | share
",p99p100,2019,0.1648
Italy,"sptinc_p99p100_z_IT
Pre-tax national income 
Top 1% | share
",p99p100,2019,0.0891
Jamaica,"sptinc_p99p100_z_JM
Pre-tax national income 
Top 1% | share
",p99p100,2019,0.1953
Japan,"sptinc_p99p100_z_JP
Pre-tax national income 
Top 1% | share
",p99p100,2019,0.1311
Jordan,"sptinc_p99p100_z_JO
Pre-tax national income 
Top 1% | share
",p99p100,2019,0.1744
Kazakhstan,"sptinc_p99p100_z_KZ
Pre-tax national income 
Top 1% | share
",p99p100,2019,0.154
Kenya,"sptinc_p99p100_z_KE
Pre-tax national income 
Top 1% | share
",p99p100,2019,0.1519
South Korea,"sptinc_p99p100_z_KR
Pre-tax national income 
Top 1% | share
",p99p100,2019,0.1471
Kosovo,"sptinc_p99p100_z_KS
Pre-tax national income 
Top 1% | share
",p99p100,2019,0.0873
Kuwait,"sptinc_p99p100_z_KW
Pre-tax national income 
Top 1% | share
",p99p100,2019,0.1932
Kyrgyzstan,"sptinc_p99p100_z_KG
Pre-tax national income 
Top 1% | share
",p99p100,2019,0.1843
Lao PDR,"sptinc_p99p100_z_LA
Pre-tax national income 
Top 1% | share
",p99p100,2019,0.2014
Latin America,"sptinc_p99p100_z_XL
Pre-tax national income 
Top 1% | share
",p99p100,2019,0.237
Latin America (at market exchange rate),"sptinc_p99p100_z_XL-MER
Pre-tax national income 
Top 1% | share
",p99p100,2019,0.3379
Latvia,"sptinc_p99p100_z_LV
Pre-tax national income 
Top 1% | share
",p99p100,2019,0.0907
Lebanon,"sptinc_p99p100_z_LB
Pre-tax national income 
Top 1% | share
",p99p100,2019,0.2097
Lesotho,"sptinc_p99p100_z_LS
Pre-tax national income 
Top 1% | share
",p99p100,2019,0.1446
Liberia,"sptinc_p99p100_z_LR
Pre-tax national income 
Top 1% | share
",p99p100,2019,0.122
Libya,"sptinc_p99p100_z_LY
Pre-tax national income 
Top 1% | share
",p99p100,2019,0.1356
Lithuania,"sptinc_p99p100_z_LT
Pre-tax national income 
Top 1% | share
",p99p100,2019,0.109
Luxembourg,"sptinc_p99p100_z_LU
Pre-tax national income 
Top 1% | share
",p99p100,2019,0.1037
Macao,"sptinc_p99p100_z_MO
Pre-tax national income 
Top 1% | share
",p99p100,2019,0.14
Madagascar,"sptinc_p99p100_z_MG
Pre-tax national income 
Top 1% | share
",p99p100,2019,0.1517
Malawi,"sptinc_p99p100_z_MW
Pre-tax national income 
Top 1% | share
",p99p100,2019,0.2804
Malaysia,"sptinc_p99p100_z_MY
Pre-tax national income 
Top 1% | share
",p99p100,2019,0.1487
Maldives,"sptinc_p99p100_z_MV
Pre-tax national income 
Top 1% | share
",p99p100,2019,0.1326
Mali,"sptinc_p99p100_z_ML
Pre-tax national income 
Top 1% | share
",p99p100,2019,0.0969
Malta,"sptinc_p99p100_z_MT
Pre-tax national income 
Top 1% | share
",p99p100,2019,0.0939
Mauritania,"sptinc_p99p100_z_MR
Pre-tax national income 
Top 1% | share
",p99p100,2019,0.1075
Mauritius,"sptinc_p99p100_z_MU
Pre-tax national income 
Top 1% | share
",p99p100,2019,0.1589
Mexico,"sptinc_p99p100_z_MX
Pre-tax national income 
Top 1% | share
",p99p100,2019,0.2614
Middle Africa,"sptinc_p99p100_z_QN
Pre-tax national income 
Top 1% | share
",p99p100,2019,0.2523
Middle Africa (at market exchange rate),"sptinc_p99p100_z_QN-MER
Pre-tax national income 
Top 1% | share
",p99p100,2019,0.2334
Middle East,"sptinc_p99p100_z_XM
Pre-tax national income 
Top 1% | share
",p99p100,2019,0.2339
Middle East (at market exchange rate),"sptinc_p99p100_z_XM-MER
Pre-tax national income 
Top 1% | share
",p99p100,2019,0.2381
Middle East and Northern Africa,"sptinc_p99p100_z_XN
Pre-tax national income 
Top 1% | share
",p99p100,2019,0.2299
Middle East and Northern Africa (at market exchange rate),"sptinc_p99p100_z_XN-MER
Pre-tax national income 
Top 1% | share
",p99p100,2019,0.2502
Moldova,"sptinc_p99p100_z_MD
Pre-tax national income 
Top 1% | share
",p99p100,2019,0.0985
Mongolia,"sptinc_p99p100_z_MN
Pre-tax national income 
Top 1% | share
",p99p100,2019,0.1654
Montenegro,"sptinc_p99p100_z_ME
Pre-tax national income 
Top 1% | share
",p99p100,2019,0.0977
Morocco,"sptinc_p99p100_z_MA
Pre-tax national income 
Top 1% | share
",p99p100,2019,0.1514
Mozambique,"sptinc_p99p100_z_MZ
Pre-tax national income 
Top 1% | share
",p99p100,2019,0.3111
Myanmar,"sptinc_p99p100_z_MM
Pre-tax national income 
Top 1% | share
",p99p100,2019,0.1709
Namibia,"sptinc_p99p100_z_NA
Pre-tax national income 
Top 1% | share
",p99p100,2019,0.2157
Nepal,"sptinc_p99p100_z_NP
Pre-tax national income 
Top 1% | share
",p99p100,2019,0.1389
Netherlands,"sptinc_p99p100_z_NL
Pre-tax national income 
Top 1% | share
",p99p100,2019,0.0691
New Zealand,"sptinc_p99p100_z_NZ
Pre-tax national income 
Top 1% | share
",p99p100,2019,0.1187
Nicaragua,"sptinc_p99p100_z_NI
Pre-tax national income 
Top 1% | share
",p99p100,2019,0.1953
Niger,"sptinc_p99p100_z_NE
Pre-tax national income 
Top 1% | share
",p99p100,2019,0.116
Nigeria,"sptinc_p99p100_z_NG
Pre-tax national income 
Top 1% | share
",p99p100,2019,0.1159
North Korea,"sptinc_p99p100_z_KP
Pre-tax national income 
Top 1% | share
",p99p100,2019,0.1476
North Macedonia,"sptinc_p99p100_z_MK
Pre-tax national income 
Top 1% | share
",p99p100,2019,0.0663
Northern Africa,"sptinc_p99p100_z_QO
Pre-tax national income 
Top 1% | share
",p99p100,2019,0.1693
Northern Africa (at market exchange rate),"sptinc_p99p100_z_QO-MER
Pre-tax national income 
Top 1% | share
",p99p100,2019,0.1712
Northern America,"sptinc_p99p100_z_QP
Pre-tax national income 
Top 1% | share
",p99p100,2019,0.188
Northern America (at market exchange rate),"sptinc_p99p100_z_QP-MER
Pre-tax national income 
Top 1% | share
",p99p100,2019,0.1885
Northern America and Oceania,"sptinc_p99p100_z_XB
Pre-tax national income 
Top 1% | share
",p99p100,2019,0.1876
Northern America and Oceania (at market exchange rate),"sptinc_p99p100_z_XB-MER
Pre-tax national income 
Top 1% | share
",p99p100,2019,0.187
Norway,"sptinc_p99p100_z_NO
Pre-tax national income 
Top 1% | share
",p99p100,2019,0.0933
Oceania,"sptinc_p99p100_z_QF
Pre-tax national income 
Top 1% | share
",p99p100,2019,0.1396
Oceania (at market exchange rate),"sptinc_p99p100_z_QF-MER
Pre-tax national income 
Top 1% | share
",p99p100,2019,0.1419
Oman,"sptinc_p99p100_z_OM
Pre-tax national income 
Top 1% | share
",p99p100,2019,0.6304
Other Eastern Asia,"sptinc_p99p100_z_OB
Pre-tax national income 
Top 1% | share
",p99p100,2019,0.1696
Other Eastern Asia (at market exchange rate),"sptinc_p99p100_z_OB-MER
Pre-tax national income 
Top 1% | share
",p99p100,2019,0.1761
Other Latin America,"sptinc_p99p100_z_OD
Pre-tax national income 
Top 1% | share
",p99p100,2019,0.1866
Other Latin America (at market exchange rate),"sptinc_p99p100_z_OD-MER
Pre-tax national income 
Top 1% | share
",p99p100,2019,0.3356
Other Middle East and Northern Africa,"sptinc_p99p100_z_OE
Pre-tax national income 
Top 1% | share
",p99p100,2019,0.2505
Other Middle East and Northern Africa (at market exchange rate),"sptinc_p99p100_z_OE-MER
Pre-tax national income 
Top 1% | share
",p99p100,2019,0.2438
Other Russia and Central Asia,"sptinc_p99p100_z_OA
Pre-tax national income 
Top 1% | share
",p99p100,2019,0.1505
Other Russia and Central Asia (at market exchange rate),"sptinc_p99p100_z_OA-MER
Pre-tax national income 
Top 1% | share
",p99p100,2019,0.1681
Other South South-Eastern Asia,"sptinc_p99p100_z_OI
Pre-tax national income 
Top 1% | share
",p99p100,2019,0.1994
Other South South-Eastern Asia (at market exchange rate),"sptinc_p99p100_z_OI-MER
Pre-tax national income 
Top 1% | share
",p99p100,2019,0.2302
Other Sub-Saharan Africa,"sptinc_p99p100_z_OJ
Pre-tax national income 
Top 1% | share
",p99p100,2019,0.1796
Other Sub-Saharan Africa (at market exchange rate),"sptinc_p99p100_z_OJ-MER
Pre-tax national income 
Top 1% | share
",p99p100,2019,0.1824
Other Western Europe,"sptinc_p99p100_z_OC
Pre-tax national income 
Top 1% | share
",p99p100,2019,0.0993
Other Western Europe (at market exchange rate),"sptinc_p99p100_z_OC-MER
Pre-tax national income 
Top 1% | share
",p99p100,2019,0.1047
Pakistan,"sptinc_p99p100_z_PK
Pre-tax national income 
Top 1% | share
",p99p100,2019,0.1682
Palestine,"sptinc_p99p100_z_PS
Pre-tax national income 
Top 1% | share
",p99p100,2019,0.1786
Panama,"sptinc_p99p100_z_PA
Pre-tax national income 
Top 1% | share
",p99p100,2019,0.1953
Papua New Guinea,"sptinc_p99p100_z_PG
Pre-tax national income 
Top 1% | share
",p99p100,2019,0.1666
Paraguay,"sptinc_p99p100_z_PY
Pre-tax national income 
Top 1% | share
",p99p100,2019,0.1953
Peru,"sptinc_p99p100_z_PE
Pre-tax national income 
Top 1% | share
",p99p100,2019,0.2011
Philippines,"sptinc_p99p100_z_PH
Pre-tax national income 
Top 1% | share
",p99p100,2019,0.1688
Poland,"sptinc_p99p100_z_PL
Pre-tax national income 
Top 1% | share
",p99p100,2019,0.1479
Portugal,"sptinc_p99p100_z_PT
Pre-tax national income 
Top 1% | share
",p99p100,2019,0.1089
Qatar,"sptinc_p99p100_z_QA
Pre-tax national income 
Top 1% | share
",p99p100,2019,0.2345
Romania,"sptinc_p99p100_z_RO
Pre-tax national income 
Top 1% | share
",p99p100,2019,0.1445
Russia and Central Asia,"sptinc_p99p100_z_XR
Pre-tax national income 
Top 1% | share
",p99p100,2019,0.2059
Russia and Central Asia (at market exchange rate),"sptinc_p99p100_z_XR-MER
Pre-tax national income 
Top 1% | share
",p99p100,2019,0.214
Russia,"sptinc_p99p100_z_RU
Pre-tax national income 
Top 1% | share
",p99p100,2019,0.2145
Rwanda,"sptinc_p99p100_z_RW
Pre-tax national income 
Top 1% | share
",p99p100,2019,0.1989
Sao Tome and Principe,"sptinc_p99p100_z_ST
Pre-tax national income 
Top 1% | share
",p99p100,2019,0.0895
Saudi Arabia,"sptinc_p99p100_z_SA
Pre-tax national income 
Top 1% | share
",p99p100,2019,0.2087
Senegal,"sptinc_p99p100_z_SN
Pre-tax national income 
Top 1% | share
",p99p100,2019,0.1318
Serbia,"sptinc_p99p100_z_RS
Pre-tax national income 
Top 1% | share
",p99p100,2019,0.1085
Seychelles,"sptinc_p99p100_z_SC
Pre-tax national income 
Top 1% | share
",p99p100,2019,0.2056
Sierra Leone,"sptinc_p99p100_z_SL
Pre-tax national income 
Top 1% | share
",p99p100,2019,0.1502
Singapore,"sptinc_p99p100_z_SG
Pre-tax national income 
Top 1% | share
",p99p100,2019,0.1421
Slovakia,"sptinc_p99p100_z_SK
Pre-tax national income 
Top 1% | share
",p99p100,2019,0.074
Slovenia,"sptinc_p99p100_z_SI
Pre-tax national income 
Top 1% | share
",p99p100,2019,0.0796
Somalia,"sptinc_p99p100_z_SO
Pre-tax national income 
Top 1% | share
",p99p100,2019,0.1244
South Africa,"sptinc_p99p100_z_ZA
Pre-tax national income 
Top 1% | share
",p99p100,2019,0.1931
South South-Eastern Asia,"sptinc_p99p100_z_XS
Pre-tax national income 
Top 1% | share
",p99p100,2019,0.2094
South South-Eastern Asia (at market exchange rate),"sptinc_p99p100_z_XS-MER
Pre-tax national income 
Top 1% | share
",p99p100,2019,0.2222
South Sudan,"sptinc_p99p100_z_SS
Pre-tax national income 
Top 1% | share
",p99p100,2019,0.1553
South-Eastern Asia,"sptinc_p99p100_z_QS
Pre-tax national income 
Top 1% | share
",p99p100,2019,0.1916
South-Eastern Asia (at market exchange rate),"sptinc_p99p100_z_QS-MER
Pre-tax national income 
Top 1% | share
",p99p100,2019,0.2124
Southern Africa,"sptinc_p99p100_z_QT
Pre-tax national income 
Top 1% | share
",p99p100,2019,0.1957
Southern Africa (at market exchange rate),"sptinc_p99p100_z_QT-MER
Pre-tax national income 
Top 1% | share
",p99p100,2019,0.1949
Southern Asia,"sptinc_p99p100_z_QU
Pre-tax national income 
Top 1% | share
",p99p100,2019,0.2101
Southern Asia (at market exchange rate),"sptinc_p99p100_z_QU-MER
Pre-tax national income 
Top 1% | share
",p99p100,2019,0.2399
Spain,"sptinc_p99p100_z_ES
Pre-tax national income 
Top 1% | share
",p99p100,2019,0.1266
Sri Lanka,"sptinc_p99p100_z_LK
Pre-tax national income 
Top 1% | share
",p99p100,2019,0.2064
Sub-Saharan Africa,"sptinc_p99p100_z_XF
Pre-tax national income 
Top 1% | share
",p99p100,2019,0.2042
Sub-Saharan Africa (at market exchange rate),"sptinc_p99p100_z_XF-MER
Pre-tax national income 
Top 1% | share
",p99p100,2019,0.2133
Sudan,"sptinc_p99p100_z_SD
Pre-tax national income 
Top 1% | share
",p99p100,2019,0.1536
Suriname,"sptinc_p99p100_z_SR
Pre-tax national income 
Top 1% | share
",p99p100,2019,0.1953
Swaziland,"sptinc_p99p100_z_SZ
Pre-tax national income 
Top 1% | share
",p99p100,2019,0.1933
Sweden,"sptinc_p99p100_z_SE
Pre-tax national income 
Top 1% | share
",p99p100,2019,0.0954
Switzerland,"sptinc_p99p100_z_CH
Pre-tax national income 
Top 1% | share
",p99p100,2019,0.1152
Syria,"sptinc_p99p100_z_SY
Pre-tax national income 
Top 1% | share
",p99p100,2019,0.2115
Taiwan,"sptinc_p99p100_z_TW
Pre-tax national income 
Top 1% | share
",p99p100,2019,0.1451
Tajikistan,"sptinc_p99p100_z_TJ
Pre-tax national income 
Top 1% | share
",p99p100,2019,0.149
Tanzania,"sptinc_p99p100_z_TZ
Pre-tax national income 
Top 1% | share
",p99p100,2019,0.1815
Thailand,"sptinc_p99p100_z_TH
Pre-tax national income 
Top 1% | share
",p99p100,2019,0.1776
East Timor,"sptinc_p99p100_z_TL
Pre-tax national income 
Top 1% | share
",p99p100,2019,0.1566
Togo,"sptinc_p99p100_z_TG
Pre-tax national income 
Top 1% | share
",p99p100,2019,0.1385
Trinidad and Tobago,"sptinc_p99p100_z_TT
Pre-tax national income 
Top 1% | share
",p99p100,2019,0.1953
Tunisia,"sptinc_p99p100_z_TN
Pre-tax national income 
Top 1% | share
",p99p100,2019,0.1091
Turkey,"sptinc_p99p100_z_TR
Pre-tax national income 
Top 1% | share
",p99p100,2019,0.1882
Turkmenistan,"sptinc_p99p100_z_TM
Pre-tax national income 
Top 1% | share
",p99p100,2019,0.1987
United States of America,"sptinc_p99p100_z_US
Pre-tax national income 
Top 1% | share
",p99p100,2019,0.1876
Uganda,"sptinc_p99p100_z_UG
Pre-tax national income 
Top 1% | share
",p99p100,2019,0.1705
Ukraine,"sptinc_p99p100_z_UA
Pre-tax national income 
Top 1% | share
",p99p100,2019,0.0948
United Arab Emirates,"sptinc_p99p100_z_AE
Pre-tax national income 
Top 1% | share
",p99p100,2019,0.1575
United Kingdom,"sptinc_p99p100_z_GB
Pre-tax national income 
Top 1% | share
",p99p100,2019,0.126
Uruguay,"sptinc_p99p100_z_UY
Pre-tax national income 
Top 1% | share
",p99p100,2019,0.1495
Uzbekistan,"sptinc_p99p100_z_UZ
Pre-tax national income 
Top 1% | share
",p99p100,2019,0.1692
Venezuela,"sptinc_p99p100_z_VE
Pre-tax national income 
Top 1% | share
",p99p100,2019,0.1953
Vietnam,"sptinc_p99p100_z_VN
Pre-tax national income 
Top 1% | share
",p99p100,2019,0.1616
Western Africa,"sptinc_p99p100_z_QV
Pre-tax national income 
Top 1% | share
",p99p100,2019,0.1342
Western Africa (at market exchange rate),"sptinc_p99p100_z_QV-MER
Pre-tax national income 
Top 1% | share
",p99p100,2019,0.1365
Western Asia,"sptinc_p99p100_z_QW
Pre-tax national income 
Top 1% | share
",p99p100,2019,0.2353
Western Asia (at market exchange rate),"sptinc_p99p100_z_QW-MER
Pre-tax national income 
Top 1% | share
",p99p100,2019,0.253
Western Europe,"sptinc_p99p100_z_QX
Pre-tax national income 
Top 1% | share
",p99p100,2019,0.1125
Western Europe (at market exchange rate),"sptinc_p99p100_z_QX-MER
Pre-tax national income 
Top 1% | share
",p99p100,2019,0.1143
World,"sptinc_p99p100_z_WO
Pre-tax national income 
Top 1% | share
",p99p100,2019,0.1928
World (at market exchange rate),"sptinc_p99p100_z_WO-MER
Pre-tax national income 
Top 1% | share
",p99p100,2019,0.2373
Yemen,"sptinc_p99p100_z_YE
Pre-tax national income 
Top 1% | share
",p99p100,2019,0.2463
Zambia,"sptinc_p99p100_z_ZM
Pre-tax national income 
Top 1% | share
",p99p100,2019,0.2317
Zanzibar,"sptinc_p99p100_z_ZZ
Pre-tax national income 
Top 1% | share
",p99p100,2019,0.1815
Zimbabwe,"sptinc_p99p100_z_ZW
Pre-tax national income 
Top 1% | share
",p99p100,2019,0.2108
